;index;0
0;01234; IVLDE VCELA CDIHC TUSAH ICJMO APDTO ROEAT JEREN LNZEV NPIAO KOAJE EZMZI KNAAZ CEIIC KHSYC RSDAH NOEAS INCAL CIIHS IPTCH DUOIV IDJNA VOZAZ AMVNY MEOEZ IANMD SHTTA VYOAN HECPR WISIF EAVVL IPCCH PUOIS IUJZK ESSNO IOTSP AMMLY NTAES BNAIL MIIPR ONPJE MRIPA DNAOX TBEAK LOYAP RAPEN RIOIG AINLN KOEON IAMCK EITOR MIEIN TNSRY MTEAR NAYOV OKKVE YCDVI SZETA NHEYC ANDTZ MAAEN ECJJI ZVHLE ECNNI TKOAM OADST UVHJE DSZYT GLINA UPFRT DJAAA TOEOP ATMLE MROAM CEYHL SOJIM IIBLN OAPPS JELED ZSNDI UJKTU CHIIC ACNFA BKEOO UAUME EOLSP TRNAK ADKVZ NUYEF KINCN NAZID SOLIK EAMNT NDRAA EWRSU FDIIC MIOEZ DATAT IZVCU OATSN ANDNI JNEDE PSETA RNEEC CDIKY LCASI SJETU CQIIQ
1;01243; IVLED VCEAL CDICH TUSHA ICJOM APDOT ROETA JERNE LNZVE NPIOA KOAEJ EZMIZ KNAZA CEICI KHSCY RSDHA NOESA INCLA CIISH IPTHC DUOVI IDJAN VOZZA AMVYN MEOZE IANDM SHTAT VYONA HECRP WISFI EAVLV IPCHC PUOSI IUJKZ ESSON IOTPS AMMYL NTASE BNALI MIIRP ONPEJ MRIAP DNAXO TBEKA LOYPA RAPNE RIOGI AINNL KOENO IAMKC EITRO MIENI TNSYR MTERA NAYVO OKKEV YCDIV SZEAT NHECY ANDZT MAANE ECJIJ ZVHEL ECNIN TKOMA OADTS UVHEJ DSZTY GLIAN UPFTR DJAAA TOEPO ATMEL MROMA CEYLH SOJMI IIBNL OAPSP JELDE ZSNID UJKUT CHICI ACNAF BKEOO UAUEM EOLPS TRNKA ADKZV NUYFE KINNC NAZDI SOLKI EAMTN NDRAA EWRUS FDICI MIOZE DATTA IZVUC OATNS ANDIN JNEED PSEAT RNECE CDIYK LCAIS SJEUT CQIQI
2;01324; IVDLE VCLEA CDHIC TUASH ICMJO APTDO ROAET JEERN LNEZV NPAIO KOJAE EZZMI KNAAZ CEIIC KHYSC RSADH NOAES INACL CIHIS IPCTH DUIOV IDNJA VOAZZ AMNVY MEEOZ IAMND SHTTA VYAON HEPCR WIISF EAVVL IPCCH PUIOS IUZJK ESNSO IOSTP AMLMY NTEAS BNIAL MIPIR ONJPE MRPIA DNOAX TBAEK LOAYP RAEPN RIIOG AILNN KOOEN IACMK EIOTR MIIEN TNRSY MTAER NAOYV OKVKE YCVDI SZTEA NHYEC ANTDZ MAEAN ECJJI ZVLHE ECNNI TKAOM OASDT UVJHE DSYZT GLNIA UPRFT DJAAA TOOEP ATLME MRAOM CEHYL SOIJM IILBN OAPPS JEELD ZSDNI UJTKU CHIIC ACFNA BKOEO UAMUE EOSLP TRANK ADVKZ NUEYF KICNN NAIZD SOILK EANMT NDARA EWSRU FDIIC MIEOZ DAATT IZCVU OASTN ANNDI JNDEE PSTEA RNEEC CDKIY LCSAI SJTEU CQIIQ
3;01342; IVDEL VCLAE CDHCI TUAHS ICMOJ APTOD ROATE JEENR LNEVZ NPAOI KOJEA EZZIM KNAZA CEICI KHYCS RSAHD NOASE INALC CIHSI IPCHT DUIVO IDNAJ VOAZZ AMNYV MEEZO IAMDN SHTAT VYANO HEPRC WIIFS EAVLV IPCHC PUISO IUZKJ ESNOS IOSPT AMLYM NTESA BNILA MIPRI ONJEP MRPAI DNOXA TBAKE LOAPY RAENP RIIGO AILNN KOONE IACKM EIORT MIINE TNRYS MTARE NAOVY OKVEK YCVID SZTAE NHYCE ANTZD MAENA ECJIJ ZVLEH ECNIN TKAMO OASTD UVJEH DSYTZ GLNAI UPRTF DJAAA TOOPE ATLEM MRAMO CEHLY SOIMJ IILNB OAPSP JEEDL ZSDIN UJTUK CHICI ACFAN BKOOE UAMEU EOSPL TRAKN ADVZK NUEFY KICNN NAIDZ SOIKL EANTM NDAAR EWSUR FDICI MIEZO DAATT IZCUV OASNT ANNID JNDEE PSTAE RNECE CDKYI LCSIA SJTUE CQIQI
4;01423; IVELD VCAEL CDCIH TUHSA ICOJM APODT ROTEA JENRE LNVZE NPOIA KOEAJ EZIMZ KNZAA CECII KHCSY RSHDA NOSEA INLCA CISIH IPHTC DUVOI IDAJN VOZZA AMYVN MEZOE IADNM SHATT VYNOA HERCP WIFSI EALVV IPHCC PUSOI IUKJZ ESOSN IOPTS AMYML NTSAE BNLAI MIRIP ONEPJ MRAIP DNXAO TBKEA LOPYA RANPE RIGOI AINNL KONEO IAKMC EIRTO MINEI TNYSR MTREA NAVYO OKEKV YCIDV SZAET NHCEY ANZDT MANAE ECIJJ ZVEHL ECINN TKMOA OATDS UVEHJ DSTZY GLAIN UPTFR DJAAA TOPEO ATEML MRMOA CELYH SOMJI IINBL OASPP JEDLE ZSIND UJUKT CHCII ACANF BKOEO UAEUM EOPLS TRKNA ADZKV NUFYE KINNC NADZI SOKLI EATMN NDARA EWURS FDCII MIZOE DATTA IZUVC OANTS ANIDN JNEED PSAET RNCEE CDYIK LCIAS SJUET CQQII
5;01432; IVEDL VCALE CDCHI TUHAS ICOMJ APOTD ROTAE JENER LNVEZ NPOAI KOEJA EZIZM KNZAA CECII KHCYS RSHAD NOSAE INLAC CISHI IPHCT DUVIO IDANJ VOZAZ AMYNV MEZEO IADMN SHATT VYNAO HERPC WIFIS EALVV IPHCC PUSIO IUKZJ ESONS IOPST AMYLM NTSEA BNLIA MIRPI ONEJP MRAPI DNXOA TBKAE LOPAY RANEP RIGIO AINLN KONOE IAKCM EIROT MINIE TNYRS MTRAE NAVOY OKEVK YCIVD SZATE NHCYE ANZTD MANEA ECIJJ ZVELH ECINN TKMAO OATSD UVEJH DSTYZ GLANI UPTRF DJAAA TOPOE ATELM MRMAO CELHY SOMIJ IINLB OASPP JEDEL ZSIDN UJUTK CHCII ACAFN BKOOE UAEMU EOPSL TRKAN ADZVK NUFEY KINCN NADIZ SOKIL EATNM NDAAR EWUSR FDCII MIZEO DATAT IZUCV OANST ANIND JNEDE PSATE RNCEE CDYKI LCISA SJUTE CQQII
6;02134; ILVDE VECLA CIDHC TSUAH IJCMO ADPTO REOAT JREEN LZNEV NIPAO KAOJE EMZZI KANAZ CIEIC KSHYC RDSAH NEOAS ICNAL CIIHS ITPCH DOUIV IJDNA VZOAZ AVMNY MOEEZ INAMD STHTA VOYAN HCEPR WSIIF EVAVL ICPCH POUIS IJUZK ESSNO ITOSP AMMLY NATES BANIL MIIPR OPNJE MIRPA DANOX TEBAK LYOAP RPAEN ROIIG ANILN KEOON IMACK ETIOR MEIIN TSNRY METAR NYAOV OKKVE YDCVI SEZTA NEHYC ADNTZ MAAEN EJCJI ZHVLE ENCNI TOKAM ODAST UHVJE DZSYT GILNA UFPRT DAJAA TEOOP AMTLE MORAM CYEHL SJOIM IBILN OPAPS JLEED ZNSDI UKJTU CIHIC ANCFA BEKOO UUAME ELOSP TNRAK AKDVZ NYUEF KNICN NZAID SLOIK EMANT NRDAA ERWSU FIDIC MOIEZ DTAAT IVZCU OTASN ADNNI JENDE PESTA RENEC CIDKY LACSI SEJTU CIQIQ
7;02143; ILVED VECAL CIDCH TSUHA IJCOM ADPOT REOTA JRENE LZNVE NIPOA KAOEJ EMZIZ KANZA CIECI KSHCY RDSHA NEOSA ICNLA CIISH ITPHC DOUVI IJDAN VZOZA AVMYN MOEZE INADM STHAT VOYNA HCERP WSIFI EVALV ICPHC POUSI IJUKZ ESSON ITOPS AMMYL NATSE BANLI MIIRP OPNEJ MIRAP DANXO TEBKA LYOPA RPANE ROIGI ANINL KEONO IMAKC ETIRO MEINI TSNYR METRA NYAVO OKKEV YDCIV SEZAT NEHCY ADNZT MAANE EJCIJ ZHVEL ENCIN TOKMA ODATS UHVEJ DZSTY GILAN UFPTR DAJAA TEOPO AMTEL MORMA CYELH SJOMI IBINL OPASP JLEDE ZNSID UKJUT CIHCI ANCAF BEKOO UUAEM ELOPS TNRKA AKDZV NYUFE KNINC NZADI SLOKI EMATN NRDAA ERWUS FIDCI MOIZE DTATA IVZUC OTANS ADNIN JENED PESAT RENCE CIDYK LACIS SEJUT CIQQI
8;02314; ILDVE VELCA CIHDC TSAUH IJMCO ADTPO REAOT JREEN LZENV NIAPO KAJOE EMZZI KAANZ CIIEC KSYHC RDASH NEAOS ICANL CIHIS ITCPH DOIUV IJNDA VZAOZ AVNMY MOEEZ INMAD STTHA VOAYN HCPER WSIIF EVVAL ICCPH POIUS IJZUK ESNSO ITSOP AMLMY NAETS BAINL MIPIR OPJNE MIPRA DAONX TEABK LYAOP RPEAN ROIIG ANLIN KEOON IMCAK ETOIR MEIIN TSRNY MEATR NYOAV OKVKE YDVCI SETZA NEYHC ADTNZ MAEAN EJJCI ZHLVE ENNCI TOAKM ODSAT UHJVE DZYST GINLA UFRPT DAAJA TEOOP AMLTE MOARM CYHEL SJIOM IBLIN OPPAS JLEED ZNDSI UKTJU CIIHC ANFCA BEOKO UUMAE ELSOP TNARK AKVDZ NYEUF KNCIN NZIAD SLIOK EMNAT NRADA ERSWU FIIDC MOEIZ DTAAT IVCZU OTSAN ADNNI JEDNE PETSA REENC CIKDY LASCI SETJU CIIQQ
9;02341; ILDEV VELAC CIHCD TSAHU IJMOC ADTOP REATO JRENE LZEVN NIAOP KAJEO EMZIZ KAAZN CIICE KSYCH RDAHS NEASO ICALN CIHSI ITCHP DOIVU IJNAD VZAZO AVNYM MOEZE INMDA STTAH VOANY HCPRE WSIFI EVVLA ICCHP POISU IJZKU ESNOS ITSPO AMLYM NAEST BAILN MIPRI OPJEN MIPAR DAOXN TEAKB LYAPO RPENA ROIGI ANLNI KEONO IMCKA ETORI MEINI TSRYN MEART NYOVA OKVEK YDVIC SETAZ NEYCH ADTZN MAENA EJJIC ZHLEV ENNIC TOAMK ODSTA UHJEV DZYTS GINAL UFRTP DAAAJ TEOPO AMLET MOAMR CYHLE SJIMO IBLNI OPPSA JLEDE ZNDIS UKTUJ CIICH ANFAC BEOOK UUMEA ELSPO TNAKR AKVZD NYEFU KNCNI NZIDA SLIKO EMNTA NRAAD ERSUW FIICD MOEZI DTATA IVCUZ OTSNA ADNIN JEDEN PETAS REECN CIKYD LASIC SETUJ CIIQQ
10;02413; ILEVD VEACL CICDH TSHUA IJOCM ADOPT RETOA JRNEE LZVNE NIOPA KAEOJ EMIZZ KAZNA CICEI KSCHY RDHSA NESOA ICLNA CISIH ITHPC DOVUI IJADN VZZOA AVYMN MOZEE INDAM STAHT VONYA HCREP WSFII EVLAV ICHPC POSUI IJKUZ ESOSN ITPOS AMYML NASTE BALNI MIRIP OPENJ MIARP DAXNO TEKBA LYPOA RPNAE ROGII ANNIL KENOO IMKAC ETRIO MENII TSYNR MERTA NYVAO OKEKV YDICV SEAZT NECHY ADZNT MANAE EJICJ ZHEVL ENICN TOMKA ODTAS UHEVJ DZTSY GIALN UFTPR DAAJA TEPOO AMETL MOMRA CYLEH SJMOI IBNIL OPSAP JLDEE ZNISD UKUJT CICHI ANACF BEOKO UUEAM ELPOS TNKRA AKZDV NYFUE KNNIC NZDAI SLKOI EMTAN NRADA ERUWS FICDI MOZIE DTTAA IVUZC OTNAS ADINN JEEND PEAST RECNE CIYDK LAICS SEUJT CIQQI
11;02431; ILEDV VEALC CICHD TSHAU IJOMC ADOTP RETAO JRNEE LZVEN NIOAP KAEJO EMIZZ KAZAN CICIE KSCYH RDHAS NESAO ICLAN CISHI ITHCP DOVIU IJAND VZZAO AVYNM MOZEE INDMA STATH VONAY HCRPE WSFII EVLVA ICHCP POSIU IJKZU ESONS ITPSO AMYLM NASET BALIN MIRPI OPEJN MIAPR DAXON TEKAB LYPAO RPNEA ROGII ANNLI KENOO IMKCA ETROI MENII TSYRN MERAT NYVOA OKEVK YDIVC SEATZ NECYH ADZTN MANEA EJIJC ZHELV ENINC TOMAK ODTSA UHEJV DZTYS GIANL UFTRP DAAAJ TEPOO AMELT MOMAR CYLHE SJMIO IBNLI OPSPA JLDEE ZNIDS UKUTJ CICIH ANAFC BEOOK UUEMA ELPSO TNKAR AKZVD NYFEU KNNCI NZDIA SLKIO EMTNA NRAAD ERUSW FICID MOZEI DTTAA IVUCZ OTNSA ADINN JEEDN PEATS RECEN CIYKD LAISC SEUTJ CIQIQ
12;03124; IDVLE VLCEA CHDIC TAUSH IMCJO ATPDO RAOET JEERN LENZV NAPIO KJOAE EZZMI KANAZ CIEIC KYHSC RASDH NAOES IANCL CHIIS ICPTH DIUOV INDJA VAOZZ ANMVY MEEOZ IMAND STHTA VAYON HPECR WIISF EVAVL ICPCH PIUOS IZUJK ENSSO ISOTP ALMMY NETAS BINAL MPIIR OJNPE MPRIA DONAX TABEK LAOYP REAPN RIIOG ALINN KOOEN ICAMK EOITR MIIEN TRNSY MATER NOAYV OVKKE YVCDI STZEA NYHEC ATNDZ MEAAN EJCJI ZLVHE ENCNI TAKOM OSADT UJVHE DYSZT GNLIA URPFT DAJAA TOOEP ALTME MAROM CHEYL SIOJM ILIBN OPAPS JEELD ZDSNI UTJKU CIHIC AFCNA BOKEO UMAUE ESOLP TARNK AVDKZ NEUYF KCINN NIAZD SIOLK ENAMT NADRA ESWRU FIDIC MEIOZ DAATT ICZVU OSATN ANNDI JDNEE PTSEA RENEC CKDIY LSCAI STJEU CIQIQ
13;03142; IDVEL VLCAE CHDCI TAUHS IMCOJ ATPOD RAOTE JEENR LENVZ NAPOI KJOEA EZZIM KANZA CIECI KYHCS RASHD NAOSE IANLC CHISI ICPHT DIUVO INDAJ VAOZZ ANMYV MEEZO IMADN STHAT VAYNO HPERC WIIFS EVALV ICPHC PIUSO IZUKJ ENSOS ISOPT ALMYM NETSA BINLA MPIRI OJNEP MPRAI DONXA TABKE LAOPY REANP RIIGO ALINN KOONE ICAKM EOIRT MIINE TRNYS MATRE NOAVY OVKEK YVCID STZAE NYHCE ATNZD MEANA EJCIJ ZLVEH ENCIN TAKMO OSATD UJVEH DYSTZ GNLAI URPTF DAJAA TOOPE ALTEM MARMO CHELY SIOMJ ILINB OPASP JEEDL ZDSIN UTJUK CIHCI AFCAN BOKOE UMAEU ESOPL TARKN AVDZK NEUFY KCINN NIADZ SIOKL ENATM NADAR ESWUR FIDCI MEIZO DAATT ICZUV OSANT ANNID JDNEE PTSAE RENCE CKDYI LSCIA STJUE CIQQI
14;03214; IDLVE VLECA CHIDC TASUH IMJCO ATDPO RAEOT JEREN LEZNV NAIPO KJAOE EZMZI KAANZ CIIEC KYSHC RADSH NAEOS IACNL CHIIS ICTPH DIOUV INJDA VAZOZ ANVMY MEOEZ IMNAD STTHA VAOYN HPCER WISIF EVVAL ICCPH PIOUS IZJUK ENSSO ISTOP ALMMY NEATS BIANL MPIIR OJPNE MPIRA DOANX TAEBK LAYOP REPAN RIOIG ALNIN KOEON ICMAK EOTIR MIEIN TRSNY MAETR NOYAV OVKKE YVDCI STEZA NYEHC ATDNZ MEAAN EJJCI ZLHVE ENNCI TAOKM OSDAT UJHVE DYZST GNILA URFPT DAAJA TOEOP ALMTE MAORM CHYEL SIJOM ILBIN OPPAS JELED ZDNSI UTKJU CIIHC AFNCA BOEKO UMUAE ESLOP TANRK AVKDZ NEYUF KCNIN NIZAD SILOK ENMAT NARDA ESRWU FIIDC MEOIZ DATAT ICVZU OSTAN ANDNI JDENE PTESA REENC CKIDY LSACI STEJU CIIQQ
15;03241; IDLEV VLEAC CHICD TASHU IMJOC ATDOP RAETO JERNE LEZVN NAIOP KJAEO EZMIZ KAAZN CIICE KYSCH RADHS NAESO IACLN CHISI ICTHP DIOVU INJAD VAZZO ANVYM MEOZE IMNDA STTAH VAONY HPCRE WISFI EVVLA ICCHP PIOSU IZJKU ENSOS ISTPO ALMYM NEAST BIALN MPIRI OJPEN MPIAR DOAXN TAEKB LAYPO REPNA RIOGI ALNNI KOENO ICMKA EOTRI MIENI TRSYN MAERT NOYVA OVKEK YVDIC STEAZ NYECH ATDZN MEANA EJJIC ZLHEV ENNIC TAOMK OSDTA UJHEV DYZTS GNIAL URFTP DAAAJ TOEPO ALMET MAOMR CHYLE SIJMO ILBNI OPPSA JELDE ZDNIS UTKUJ CIICH AFNAC BOEOK UMUEA ESLPO TANKR AVKZD NEYFU KCNNI NIZDA SILKO ENMTA NARAD ESRUW FIICD MEOZI DATTA ICVUZ OSTNA ANDIN JDEEN PTEAS REECN CKIYD LSAIC STEUJ CIIQQ
16;03412; IDEVL VLACE CHCDI TAHUS IMOCJ ATOPD RATOE JENER LEVNZ NAOPI KJEOA EZIZM KAZNA CICEI KYCHS RAHSD NASOE IALNC CHSII ICHPT DIVUO INADJ VAZOZ ANYMV MEZEO IMDAN STAHT VANYO HPREC WIFIS EVLAV ICHPC PISUO IZKUJ ENOSS ISPOT ALYMM NESTA BILNA MPRII OJENP MPARI DOXNA TAKBE LAPOY RENAP RIGIO ALNIN KONOE ICKAM EORIT MINIE TRYNS MARTE NOVAY OVEKK YVICD STAZE NYCHE ATZND MENAA EJICJ ZLEVH ENICN TAMKO OSTAD UJEVH DYTSZ GNALI URTPF DAAJA TOPOE ALETM MAMRO CHLEY SIMOJ ILNIB OPSAP JEDEL ZDISN UTUJK CICHI AFACN BOOKE UMEAU ESPOL TAKRN AVZDK NEFUY KCNIN NIDAZ SIKOL ENTAM NAADR ESUWR FICDI MEZIO DATAT ICUZV OSNAT ANIND JDENE PTASE RECNE CKYDI LSICA STUJE CIQQI
17;03421; IDELV VLAEC CHCID TAHSU IMOJC ATODP RATEO JENRE LEVZN NAOIP KJEAO EZIMZ KAZAN CICIE KYCSH RAHDS NASEO IALCN CHSII ICHTP DIVOU INAJD VAZZO ANYVM MEZOE IMDNA STATH VANOY HPRCE WIFSI EVLVA ICHCP PISOU IZKJU ENOSS ISPTO ALYMM NESAT BILAN MPRII OJEPN MPAIR DOXAN TAKEB LAPYO RENPA RIGOI ALNNI KONEO ICKMA EORTI MINEI TRYSN MARET NOVYA OVEKK YVIDC STAEZ NYCEH ATZDN MENAA EJIJC ZLEHV ENINC TAMOK OSTDA UJEHV DYTZS GNAIL URTFP DAAAJ TOPEO ALEMT MAMOR CHLYE SIMJO ILNBI OPSPA JEDLE ZDINS UTUKJ CICIH AFANC BOOEK UMEUA ESPLO TAKNR AVZKD NEFYU KCNNI NIDZA SIKLO ENTMA NAARD ESURW FICID MEZOI DATTA ICUVZ OSNTA ANIDN JDEEN PTAES RECEN CKYID LSIAC STUEJ CIQIQ
18;04123; IEVLD VACEL CCDIH THUSA IOCJM AOPDT RTOEA JNERE LVNZE NOPIA KEOAJ EIZMZ KZNAA CCEII KCHSY RHSDA NSOEA ILNCA CSIIH IHPTC DVUOI IADJN VZOZA AYMVN MZEOE IDANM SAHTT VNYOA HRECP WFISI ELAVV IHPCC PSUOI IKUJZ EOSSN IPOTS AYMML NSTAE BLNAI MRIIP OENPJ MARIP DXNAO TKBEA LPOYA RNAPE RGIOI ANINL KNOEO IKAMC ERITO MNIEI TYNSR MRTEA NVAYO OEKKV YICDV SAZET NCHEY AZNDT MNAAE EICJJ ZEVHL EICNN TMKOA OTADS UEVHJ DTSZY GALIN UTPFR DAJAA TPOEO AETML MMROA CLEYH SMOJI INIBL OSAPP JDELE ZISND UUJKT CCHII AACNF BOKEO UEAUM EPOLS TKRNA AZDKV NFUYE KNINC NDAZI SKOLI ETAMN NADRA EUWRS FCDII MZIOE DTATA IUZVC ONATS AINDN JENED PASET RCNEE CYDIK LICAS SUJET CQQII
19;04132; IEVDL VACLE CCDHI THUAS IOCMJ AOPTD RTOAE JNEER LVNEZ NOPAI KEOJA EIZZM KZNAA CCEII KCHYS RHSAD NSOAE ILNAC CSIHI IHPCT DVUIO IADNJ VZOAZ AYMNV MZEEO IDAMN SAHTT VNYAO HREPC WFIIS ELAVV IHPCC PSUIO IKUZJ EOSNS IPOST AYMLM NSTEA BLNIA MRIPI OENJP MARPI DXNOA TKBAE LPOAY RNAEP RGIIO ANILN KNOOE IKACM ERIOT MNIIE TYNRS MRTAE NVAOY OEKVK YICVD SAZTE NCHYE AZNTD MNAEA EICJJ ZEVLH EICNN TMKAO OTASD UEVJH DTSYZ GALNI UTPRF DAJAA TPOOE AETLM MMRAO CLEHY SMOIJ INILB OSAPP JDEEL ZISDN UUJTK CCHII AACFN BOKOE UEAMU EPOSL TKRAN AZDVK NFUEY KNICN NDAIZ SKOIL ETANM NADAR EUWSR FCDII MZIEO DTAAT IUZCV ONAST AINND JENDE PASTE RCNEE CYDKI LICSA SUJTE CQQII
20;04213; IELVD VAECL CCIDH THSUA IOJCM AODPT RTEOA JNREE LVZNE NOIPA KEAOJ EIMZZ KZANA CCIEI KCSHY RHDSA NSEOA ILCNA CSIIH IHTPC DVOUI IAJDN VZZOA AYVMN MZOEE IDNAM SATHT VNOYA HRCEP WFSII ELVAV IHCPC PSOUI IKJUZ EOSSN IPTOS AYMML NSATE BLANI MRIIP OEPNJ MAIRP DXANO TKEBA LPYOA RNPAE RGOII ANNIL KNEOO IKMAC ERTIO MNEII TYSNR MRETA NVYAO OEKKV YIDCV SAEZT NCEHY AZDNT MNAAE EIJCJ ZEHVL EINCN TMOKA OTDAS UEHVJ DTZSY GAILN UTFPR DAAJA TPEOO AEMTL MMORA CLYEH SMJOI INBIL OSPAP JDLEE ZINSD UUKJT CCIHI AANCF BOEKO UEUAM EPLOS TKNRA AZKDV NFYUE KNNIC NDZAI SKLOI ETMAN NARDA EURWS FCIDI MZOIE DTTAA IUVZC ONTAS AIDNN JEEND PAEST RCENE CYIDK LIACS SUEJT CQIQI
21;04231; IELDV VAELC CCIHD THSAU IOJMC AODTP RTEAO JNREE LVZEN NOIAP KEAJO EIMZZ KZAAN CCIIE KCSYH RHDAS NSEAO ILCAN CSIHI IHTCP DVOIU IAJND VZZAO AYVNM MZOEE IDNMA SATTH VNOAY HRCPE WFSII ELVVA IHCCP PSOIU IKJZU EOSNS IPTSO AYMLM NSAET BLAIN MRIPI OEPJN MAIPR DXAON TKEAB LPYAO RNPEA RGOII ANNLI KNEOO IKMCA ERTOI MNEII TYSRN MREAT NVYOA OEKVK YIDVC SAETZ NCEYH AZDTN MNAEA EIJJC ZEHLV EINNC TMOAK OTDSA UEHJV DTZYS GAINL UTFRP DAAAJ TPEOO AEMLT MMOAR CLYHE SMJIO INBLI OSPPA JDLEE ZINDS UUKTJ CCIIH AANFC BOEOK UEUMA EPLSO TKNAR AZKVD NFYEU KNNCI NDZIA SKLIO ETMNA NARAD EURSW FCIID MZOEI DTTAA IUVCZ ONTSA AIDNN JEEDN PAETS RCEEN CYIKD LIASC SUETJ CQIIQ
22;04312; IEDVL VALCE CCHDI THAUS IOMCJ AOTPD RTAOE JNEER LVENZ NOAPI KEJOA EIZZM KZANA CCIEI KCYHS RHASD NSAOE ILANC CSHII IHCPT DVIUO IANDJ VZAOZ AYNMV MZEEO IDMAN SATHT VNAYO HRPEC WFIIS ELVAV IHCPC PSIUO IKZUJ EONSS IPSOT AYLMM NSETA BLINA MRPII OEJNP MAPRI DXONA TKABE LPAOY RNEAP RGIIO ANLIN KNOOE IKCAM EROIT MNIIE TYRNS MRATE NVOAY OEVKK YIVCD SATZE NCYHE AZTND MNEAA EIJCJ ZELVH EINCN TMAKO OTSAD UEJVH DTYSZ GANLI UTRPF DAAJA TPOOE AELTM MMARO CLHEY SMIOJ INLIB OSPAP JDEEL ZIDSN UUTJK CCIHI AAFCN BOOKE UEMAU EPSOL TKARN AZVDK NFEUY KNCIN NDIAZ SKIOL ETNAM NAADR EUSWR FCIDI MZEIO DTAAT IUCZV ONSAT AINND JEDNE PATSE RCENE CYKDI LISCA SUTJE CQIQI
23;04321; IEDLV VALEC CCHID THASU IOMJC AOTDP RTAEO JNERE LVEZN NOAIP KEJAO EIZMZ KZAAN CCIIE KCYSH RHADS NSAEO ILACN CSHII IHCTP DVIOU IANJD VZAZO AYNVM MZEOE IDMNA SATTH VNAOY HRPCE WFISI ELVVA IHCCP PSIOU IKZJU EONSS IPSTO AYLMM NSEAT BLIAN MRPII OEJPN MAPIR DXOAN TKAEB LPAYO RNEPA RGIOI ANLNI KNOEO IKCMA EROTI MNIEI TYRSN MRAET NVOYA OEVKK YIVDC SATEZ NCYEH AZTDN MNEAA EIJJC ZELHV EINNC TMAOK OTSDA UEJHV DTYZS GANIL UTRFP DAAAJ TPOEO AELMT MMAOR CLHYE SMIJO INLBI OSPPA JDELE ZIDNS UUTKJ CCIIH AAFNC BOOEK UEMUA EPSLO TKANR AZVKD NFEYU KNCNI NDIZA SKILO ETNMA NAARD EUSRW FCIID MZEOI DTATA IUCVZ ONSTA AINDN JEDEN PATES RCEEN CYKID LISAC SUTEJ CQIIQ
24;10234; VILDE CVELA DCIHC UTSAH CIJMO PADTO OREAT EJREN NLZEV PNIAO OKAJE ZEMZI NKAAZ ECIIC HKSYC SRDAH ONEAS NICAL ICIHS PITCH UDOIV DIJNA OVZAZ MAVNY EMOEZ AINMD HSTTA YVOAN EHCPR IWSIF AEVVL PICCH UPOIS UIJZK SESNO OITSP MAMLY TNAES NBAIL IMIPR NOPJE RMIPA NDAOX BTEAK OLYAP ARPEN IROIG IANLN OKEON AIMCK IETOR IMEIN NTSRY TMEAR ANYOV KOKVE CYDVI ZSETA HNEYC NADTZ AMAEN CEJJI VZHLE CENNI KTOAM AODST VUHJE SDZYT LGINA PUFRT JDAAA OTEOP TAMLE RMOAM ECYHL OSJIM IIBLN AOPPS EJLED SZNDI JUKTU HCIIC CANFA KBEOO AUUME OELSP RTNAK DAKVZ UNYEF IKNCN ANZID OSLIK AEMNT DNRAA WERSU DFIIC IMOEZ ADTAT ZIVCU AOTSN NADNI NJEDE SPETA NREEC DCIKY CLASI JSETU QCIIQ
25;10243; VILED CVEAL DCICH UTSHA CIJOM PADOT ORETA EJRNE NLZVE PNIOA OKAEJ ZEMIZ NKAZA ECICI HKSCY SRDHA ONESA NICLA ICISH PITHC UDOVI DIJAN OVZZA MAVYN EMOZE AINDM HSTAT YVONA EHCRP IWSFI AEVLV PICHC UPOSI UIJKZ SESON OITPS MAMYL TNASE NBALI IMIRP NOPEJ RMIAP NDAXO BTEKA OLYPA ARPNE IROGI IANNL OKENO AIMKC IETRO IMENI NTSYR TMERA ANYVO KOKEV CYDIV ZSEAT HNECY NADZT AMANE CEJIJ VZHEL CENIN KTOMA AODTS VUHEJ SDZTY LGIAN PUFTR JDAAA OTEPO TAMEL RMOMA ECYLH OSJMI IIBNL AOPSP EJLDE SZNID JUKUT HCICI CANAF KBEOO AUUEM OELPS RTNKA DAKZV UNYFE IKNNC ANZDI OSLKI AEMTN DNRAA WERUS DFICI IMOZE ADTTA ZIVUC AOTNS NADIN NJEED SPEAT NRECE DCIYK CLAIS JSEUT QCIQI
26;10324; VIDLE CVLEA DCHIC UTASH CIMJO PATDO ORAET EJERN NLEZV PNAIO OKJAE ZEZMI NKAAZ ECIIC HKYSC SRADH ONAES NIACL ICHIS PICTH UDIOV DINJA OVAZZ MANVY EMEOZ AIMND HSTTA YVAON EHPCR IWISF AEVVL PICCH UPIOS UIZJK SENSO OISTP MALMY TNEAS NBIAL IMPIR NOJPE RMPIA NDOAX BTAEK OLAYP AREPN IRIOG IALNN OKOEN AICMK IEOTR IMIEN NTRSY TMAER ANOYV KOVKE CYVDI ZSTEA HNYEC NATDZ AMEAN CEJJI VZLHE CENNI KTAOM AOSDT VUJHE SDYZT LGNIA PURFT JDAAA OTOEP TALME RMAOM ECHYL OSIJM IILBN AOPPS EJELD SZDNI JUTKU HCIIC CAFNA KBOEO AUMUE OESLP RTANK DAVKZ UNEYF IKCNN ANIZD OSILK AENMT DNARA WESRU DFIIC IMEOZ ADATT ZICVU AOSTN NANDI NJDEE SPTEA NREEC DCKIY CLSAI JSTEU QCIIQ
27;10342; VIDEL CVLAE DCHCI UTAHS CIMOJ PATOD ORATE EJENR NLEVZ PNAOI OKJEA ZEZIM NKAZA ECICI HKYCS SRAHD ONASE NIALC ICHSI PICHT UDIVO DINAJ OVAZZ MANYV EMEZO AIMDN HSTAT YVANO EHPRC IWIFS AEVLV PICHC UPISO UIZKJ SENOS OISPT MALYM TNESA NBILA IMPRI NOJEP RMPAI NDOXA BTAKE OLAPY ARENP IRIGO IALNN OKONE AICKM IEORT IMINE NTRYS TMARE ANOVY KOVEK CYVID ZSTAE HNYCE NATZD AMENA CEJIJ VZLEH CENIN KTAMO AOSTD VUJEH SDYTZ LGNAI PURTF JDAAA OTOPE TALEM RMAMO ECHLY OSIMJ IILNB AOPSP EJEDL SZDIN JUTUK HCICI CAFAN KBOOE AUMEU OESPL RTAKN DAVZK UNEFY IKCNN ANIDZ OSIKL AENTM DNAAR WESUR DFICI IMEZO ADATT ZICUV AOSNT NANID NJDEE SPTAE NRECE DCKYI CLSIA JSTUE QCIQI
28;10423; VIELD CVAEL DCCIH UTHSA CIOJM PAODT ORTEA EJNRE NLVZE PNOIA OKEAJ ZEIMZ NKZAA ECCII HKCSY SRHDA ONSEA NILCA ICSIH PIHTC UDVOI DIAJN OVZZA MAYVN EMZOE AIDNM HSATT YVNOA EHRCP IWFSI AELVV PIHCC UPSOI UIKJZ SEOSN OIPTS MAYML TNSAE NBLAI IMRIP NOEPJ RMAIP NDXAO BTKEA OLPYA ARNPE IRGOI IANNL OKNEO AIKMC IERTO IMNEI NTYSR TMREA ANVYO KOEKV CYIDV ZSAET HNCEY NAZDT AMNAE CEIJJ VZEHL CEINN KTMOA AOTDS VUEHJ SDTZY LGAIN PUTFR JDAAA OTPEO TAEML RMMOA ECLYH OSMJI IINBL AOSPP EJDLE SZIND JUUKT HCCII CAANF KBOEO AUEUM OEPLS RTKNA DAZKV UNFYE IKNNC ANDZI OSKLI AETMN DNARA WEURS DFCII IMZOE ADTTA ZIUVC AONTS NAIDN NJEED SPAET NRCEE DCYIK CLIAS JSUET QCQII
29;10432; VIEDL CVALE DCCHI UTHAS CIOMJ PAOTD ORTAE EJNER NLVEZ PNOAI OKEJA ZEIZM NKZAA ECCII HKCYS SRHAD ONSAE NILAC ICSHI PIHCT UDVIO DIANJ OVZAZ MAYNV EMZEO AIDMN HSATT YVNAO EHRPC IWFIS AELVV PIHCC UPSIO UIKZJ SEONS OIPST MAYLM TNSEA NBLIA IMRPI NOEJP RMAPI NDXOA BTKAE OLPAY ARNEP IRGIO IANLN OKNOE AIKCM IEROT IMNIE NTYRS TMRAE ANVOY KOEVK CYIVD ZSATE HNCYE NAZTD AMNEA CEIJJ VZELH CEINN KTMAO AOTSD VUEJH SDTYZ LGANI PUTRF JDAAA OTPOE TAELM RMMAO ECLHY OSMIJ IINLB AOSPP EJDEL SZIDN JUUTK HCCII CAAFN KBOOE AUEMU OEPSL RTKAN DAZVK UNFEY IKNCN ANDIZ OSKIL AETNM DNAAR WEUSR DFCII IMZEO ADTAT ZIUCV AONST NAIND NJEDE SPATE NRCEE DCYKI CLISA JSUTE QCQII
30;12034; VLIDE CEVLA DICHC USTAH CJIMO PDATO OERAT ERJEN NZLEV PINAO OAKJE ZMEZI NAKAZ EICIC HSKYC SDRAH OENAS NCIAL IICHS PTICH UODIV DJINA OZVAZ MVANY EOMEZ ANIMD HTSTA YOVAN ECHPR ISWIF AVEVL PCICH UOPIS UJIZK SSENO OTISP MMALY TANES NABIL IIMPR NPOJE RIMPA NADOX BETAK OYLAP APREN IORIG INALN OEKON AMICK ITEOR IEMIN NSTRY TEMAR AYNOV KKOVE CDYVI ZESTA HENYC NDATZ AAMEN CJEJI VHZLE CNENI KOTAM ADOST VHUJE SZDYT LIGNA PFURT JADAA OETOP TMALE ROMAM EYCHL OJSIM IBILN APOPS ELJED SNZDI JKUTU HICIC CNAFA KEBOO AUUME OLESP RNTAK DKAVZ UYNEF INKCN AZNID OLSIK AMENT DRNAA WRESU DIFIC IOMEZ ATDAT ZVICU ATOSN NDANI NEJDE SEPTA NEREC DICKY CALSI JESTU QICIQ
31;12043; VLIED CEVAL DICCH USTHA CJIOM PDAOT OERTA ERJNE NZLVE PINOA OAKEJ ZMEIZ NAKZA EICCI HSKCY SDRHA OENSA NCILA IICSH PTIHC UODVI DJIAN OZVZA MVAYN EOMZE ANIDM HTSAT YOVNA ECHRP ISWFI AVELV PCIHC UOPSI UJIKZ SSEON OTIPS MMAYL TANSE NABLI IIMRP NPOEJ RIMAP NADXO BETKA OYLPA APRNE IORGI INANL OEKNO AMIKC ITERO IEMNI NSTYR TEMRA AYNVO KKOEV CDYIV ZESAT HENCY NDAZT AAMNE CJEIJ VHZEL CNEIN KOTMA ADOTS VHUEJ SZDTY LIGAN PFUTR JADAA OETPO TMAEL ROMMA EYCLH OJSMI IBINL APOSP ELJDE SNZID JKUUT HICCI CNAAF KEBOO AUUEM OLEPS RNTKA DKAZV UYNFE INKNC AZNDI OLSKI AMETN DRNAA WREUS DIFCI IOMZE ATDTA ZVIUC ATONS NDAIN NEJED SEPAT NERCE DICYK CALIS JESUT QICQI
32;12304; VLDIE CELVA DIHCC USATH CJMIO PDTAO OEART EREJN NZELV PIANO OAJKE ZMZEI NAAKZ EIICC HSYKC SDARH OEANS NCAIL IIHCS PTCIH UOIDV DJNIA OZAVZ MVNAY EOEMZ ANMID HTTSA YOAVN ECPHR ISIWF AVVEL PCCIH UOIPS UJZIK SSNEO OTSIP MMLAY TAENS NAIBL IIPMR NPJOE RIPMA NAODX BEATK OYALP APERN IOIRG INLAN OEOKN AMCIK ITOER IEIMN NSRTY TEAMR AYONV KKVOE CDVYI ZETSA HEYNC NDTAZ AAEMN CJJEI VHLZE CNNEI KOATM ADSOT VHJUE SZYDT LINGA PFRUT JAADA OEOTP TMLAE ROAMM EYHCL OJISM IBLIN APPOS ELEJD SNDZI JKTUU HIICC CNFAA KEOBO AUMUE OLSEP RNATK DKVAZ UYENF INCKN AZIND OLISK AMNET DRANA WRSEU DIIFC IOEMZ ATADT ZVCIU ATSON NDNAI NEDJE SETPA NEERC DIKCY CASLI JETSU QIICQ
33;12340; VLDEI CELAV DIHCC USAHT CJMOI PDTOA OEATR ERENJ NZEVL PIAON OAJEK ZMZIE NAAZK EIICC HSYCK SDAHR OEASN NCALI IIHSC PTCHI UOIVD DJNAI OZAZV MVNYA EOEZM ANMDI HTTAS YOANV ECPRH ISIFW AVVLE PCCHI UOISP UJZKI SSNOE OTSPI MMLYA TAESN NAILB IIPRM NPJEO RIPAM NAOXD BEAKT OYAPL APENR IOIGR INLNA OEONK AMCKI ITORE IEINM NSRYT TEARM AYOVN KKVEO CDVIY ZETAS HEYCN NDTZA AAENM CJJIE VHLEZ CNNIE KOAMT ADSTO VHJEU SZYTD LINAG PFRTU JAAAD OEOPT TMLEA ROAMM EYHLC OJIMS IBLNI APPSO ELEDJ SNDIZ JKTUU HIICC CNFAA KEOOB AUMEU OLSPE RNAKT DKVZA UYEFN INCNK AZIDN OLIKS AMNTE DRAAN WRSUE DIICF IOEZM ATATD ZVCUI ATSNO NDNIA NEDEJ SETAP NEECR DIKYC CASIL JETUS QIIQC
34;12403; VLEID CEAVL DICCH USHTA CJOIM PDOAT OETRA ERNJE NZVLE PIONA OAEKJ ZMIEZ NAZKA EICCI HSCKY SDHRA OESNA NCLIA IISCH PTHIC UOVDI DJAIN OZZVA MVYAN EOZME ANDIM HTAST YONVA ECRHP ISFWI AVLEV PCHIC UOSPI UJKIZ SSOEN OTPIS MMYAL TASNE NALBI IIRMP NPEOJ RIAMP NAXDO BEKTA OYPLA APNRE IOGRI INNAL OENKO AMKIC ITREO IENMI NSYTR TERMA AYVNO KKEOV CDIYV ZEAST HECNY NDZAT AANME CJIEJ VHEZL CNIEN KOMTA ADTOS VHEUJ SZTDY LIAGN PFTUR JAADA OEPTO TMEAL ROMMA EYLCH OJMSI IBNIL APSOP ELDJE SNIZD JKUUT HICCI CNAAF KEOBO AUEUM OLPES RNKTA DKZAV UYFNE INNKC AZDNI OLKSI AMTEN DRANA WRUES DICFI IOZME ATTDA ZVUIC ATNOS NDIAN NEEJD SEAPT NECRE DIYCK CAILS JEUST QIQCI
35;12430; VLEDI CEALV DICHC USHAT CJOMI PDOTA OETAR ERNEJ NZVEL PIOAN OAEJK ZMIZE NAZAK EICIC HSCYK SDHAR OESAN NCLAI IISHC PTHCI UOVID DJANI OZZAV MVYNA EOZEM ANDMI HTATS YONAV ECRPH ISFIW AVLVE PCHCI UOSIP UJKZI SSONE OTPSI MMYLA TASEN NALIB IIRPM NPEJO RIAPM NAXOD BEKAT OYPAL APNER IOGIR INNLA OENOK AMKCI ITROE IENIM NSYRT TERAM AYVON KKEVO CDIVY ZEATS HECYN NDZTA AANEM CJIJE VHELZ CNINE KOMAT ADTSO VHEJU SZTYD LIANG PFTRU JAAAD OEPOT TMELA ROMAM EYLHC OJMIS IBNLI APSPO ELDEJ SNIDZ JKUTU HICIC CNAFA KEOOB AUEMU OLPSE RNKAT DKZVA UYFEN INNCK AZDIN OLKIS AMTNE DRAAN WRUSE DICIF IOZEM ATTAD ZVUCI ATNSO NDINA NEEDJ SEATP NECER DIYKC CAISL JEUTS QIQIC
36;13024; VDILE CLVEA DHCIC UATSH CMIJO PTADO OARET EEJRN NELZV PANIO OJKAE ZZEMI NAKAZ EICIC HYKSC SARDH OANES NAICL IHCIS PCITH UIDOV DNIJA OAVZZ MNAVY EEMOZ AMIND HTSTA YAVON EPHCR IIWSF AVEVL PCICH UIPOS UZIJK SNESO OSITP MLAMY TENAS NIBAL IPMIR NJOPE RPMIA NODAX BATEK OALYP AERPN IIROG ILANN OOKEN ACIMK IOETR IIMEN NRTSY TAMER AONYV KVOKE CVYDI ZTSEA HYNEC NTADZ AEMAN CJEJI VLZHE CNENI KATOM ASODT VJUHE SYDZT LNGIA PRUFT JADAA OOTEP TLAME RAMOM EHCYL OISJM ILIBN APOPS EEJLD SDZNI JTUKU HICIC CFANA KOBEO AMUUE OSELP RATNK DVAKZ UENYF ICKNN AINZD OISLK ANEMT DANRA WSERU DIFIC IEMOZ AADTT ZCIVU ASOTN NNADI NDJEE STPEA NEREC DKCIY CSLAI JTSEU QICIQ
37;13042; VDIEL CLVAE DHCCI UATHS CMIOJ PTAOD OARTE EEJNR NELVZ PANOI OJKEA ZZEIM NAKZA EICCI HYKCS SARHD OANSE NAILC IHCSI PCIHT UIDVO DNIAJ OAVZZ MNAYV EEMZO AMIDN HTSAT YAVNO EPHRC IIWFS AVELV PCIHC UIPSO UZIKJ SNEOS OSIPT MLAYM TENSA NIBLA IPMRI NJOEP RPMAI NODXA BATKE OALPY AERNP IIRGO ILANN OOKNE ACIKM IOERT IIMNE NRTYS TAMRE AONVY KVOEK CVYID ZTSAE HYNCE NTAZD AEMNA CJEIJ VLZEH CNEIN KATMO ASOTD VJUEH SYDTZ LNGAI PRUTF JADAA OOTPE TLAEM RAMMO EHCLY OISMJ ILINB APOSP EEJDL SDZIN JTUUK HICCI CFAAN KOBOE AMUEU OSEPL RATKN DVAZK UENFY ICKNN AINDZ OISKL ANETM DANAR WSEUR DIFCI IEMZO AADTT ZCIUV ASONT NNAID NDJEE STPAE NERCE DKCYI CSLIA JTSUE QICQI
38;13204; VDLIE CLEVA DHICC UASTH CMJIO PTDAO OAERT EERJN NEZLV PAINO OJAKE ZZMEI NAAKZ EIICC HYSKC SADRH OAENS NACIL IHICS PCTIH UIODV DNJIA OAZVZ MNVAY EEOMZ AMNID HTTSA YAOVN EPCHR IISWF AVVEL PCCIH UIOPS UZJIK SNSEO OSTIP MLMAY TEANS NIABL IPIMR NJPOE RPIMA NOADX BAETK OAYLP AEPRN IIORG ILNAN OOEKN ACMIK IOTER IIEMN NRSTY TAEMR AOYNV KVKOE CVDYI ZTESA HYENC NTDAZ AEAMN CJJEI VLHZE CNNEI KAOTM ASDOT VJHUE SYZDT LNIGA PRFUT JAADA OOETP TLMAE RAOMM EHYCL OIJSM ILBIN APPOS EELJD SDNZI JTKUU HIICC CFNAA KOEBO AMUUE OSLEP RANTK DVKAZ UEYNF ICNKN AIZND OILSK ANMET DARNA WSREU DIIFC IEOMZ AATDT ZCVIU ASTON NNDAI NDEJE STEPA NEERC DKICY CSALI JTESU QIICQ
39;13240; VDLEI CLEAV DHICC UASHT CMJOI PTDOA OAETR EERNJ NEZVL PAION OJAEK ZZMIE NAAZK EIICC HYSCK SADHR OAESN NACLI IHISC PCTHI UIOVD DNJAI OAZZV MNVYA EEOZM AMNDI HTTAS YAONV EPCRH IISFW AVVLE PCCHI UIOSP UZJKI SNSOE OSTPI MLMYA TEASN NIALB IPIRM NJPEO RPIAM NOAXD BAEKT OAYPL AEPNR IIOGR ILNNA OOENK ACMKI IOTRE IIENM NRSYT TAERM AOYVN KVKEO CVDIY ZTEAS HYECN NTDZA AEANM CJJIE VLHEZ CNNIE KAOMT ASDTO VJHEU SYZTD LNIAG PRFTU JAAAD OOEPT TLMEA RAOMM EHYLC OIJMS ILBNI APPSO EELDJ SDNIZ JTKUU HIICC CFNAA KOEOB AMUEU OSLPE RANKT DVKZA UEYFN ICNNK AIZDN OILKS ANMTE DARAN WSRUE DIICF IEOZM AATTD ZCVUI ASTNO NNDIA NDEEJ STEAP NEECR DKIYC CSAIL JTEUS QIIQC
40;13402; VDEIL CLAVE DHCCI UAHTS CMOIJ PTOAD OATRE EENJR NEVLZ PAONI OJEKA ZZIEM NAZKA EICCI HYCKS SAHRD OASNE NALIC IHSCI PCHIT UIVDO DNAIJ OAZVZ MNYAV EEZMO AMDIN HTAST YANVO EPRHC IIFWS AVLEV PCHIC UISPO UZKIJ SNOES OSPIT MLYAM TESNA NILBA IPRMI NJEOP RPAMI NOXDA BAKTE OAPLY AENRP IIGRO ILNAN OONKE ACKIM IORET IINME NRYTS TARME AOVNY KVEOK CVIYD ZTASE HYCNE NTZAD AENMA CJIEJ VLEZH CNIEN KAMTO ASTOD VJEUH SYTDZ LNAGI PRTUF JAADA OOPTE TLEAM RAMMO EHLCY OIMSJ ILNIB APSOP EEDJL SDIZN JTUUK HICCI CFAAN KOOBE AMEUU OSPEL RAKTN DVZAK UEFNY ICNKN AIDNZ OIKSL ANTEM DAANR WSUER DICFI IEZMO AATDT ZCUIV ASNOT NNIAD NDEJE STAPE NECRE DKYCI CSILA JTUSE QIQCI
41;13420; VDELI CLAEV DHCIC UAHST CMOJI PTODA OATER EENRJ NEVZL PAOIN OJEAK ZZIME NAZAK EICIC HYCSK SAHDR OASEN NALCI IHSIC PCHTI UIVOD DNAJI OAZZV MNYVA EEZOM AMDNI HTATS YANOV EPRCH IIFSW AVLVE PCHCI UISOP UZKJI SNOSE OSPTI MLYMA TESAN NILAB IPRIM NJEPO RPAIM NOXAD BAKET OAPYL AENPR IIGOR ILNNA OONEK ACKMI IORTE IINEM NRYST TAREM AOVYN KVEKO CVIDY ZTAES HYCEN NTZDA AENAM CJIJE VLEHZ CNINE KAMOT ASTDO VJEHU SYTZD LNAIG PRTFU JAAAD OOPET TLEMA RAMOM EHLYC OIMJS ILNBI APSPO EEDLJ SDINZ JTUKU HICIC CFANA KOOEB AMEUU OSPLE RAKNT DVZKA UEFYN ICNNK AIDZN OIKLS ANTME DAARN WSURE DICIF IEZOM AATTD ZCUVI ASNTO NNIDA NDEEJ STAEP NECER DKYIC CSIAL JTUES QIQIC
42;14023; VEILD CAVEL DCCIH UHTSA COIJM POADT OTREA ENJRE NVLZE PONIA OEKAJ ZIEMZ NZKAA ECCII HCKSY SHRDA OSNEA NLICA ISCIH PHITC UVDOI DAIJN OZVZA MYAVN EZMOE ADINM HASTT YNVOA ERHCP IFWSI ALEVV PHICC USPOI UKIJZ SOESN OPITS MYAML TSNAE NLBAI IRMIP NEOPJ RAMIP NXDAO BKTEA OPLYA ANRPE IGROI INANL ONKEO AKIMC IRETO INMEI NYTSR TRMEA AVNYO KEOKV CIYDV ZASET HCNEY NZADT ANMAE CIEJJ VEZHL CIENN KMTOA ATODS VEUHJ STDZY LAGIN PTUFR JADAA OPTEO TEAML RMMOA ELCYH OMSJI INIBL ASOPP EDJLE SIZND JUUKT HCCII CAANF KOBEO AEUUM OPELS RKTNA DZAKV UFNYE INKNC ADNZI OKSLI ATEMN DANRA WUERS DCFII IZMOE ATDTA ZUIVC ANOTS NIADN NEJED SAPET NCREE DYCIK CILAS JUSET QQCII
43;14032; VEIDL CAVLE DCCHI UHTAS COIMJ POATD OTRAE ENJER NVLEZ PONAI OEKJA ZIEZM NZKAA ECCII HCKYS SHRAD OSNAE NLIAC ISCHI PHICT UVDIO DAINJ OZVAZ MYANV EZMEO ADIMN HASTT YNVAO ERHPC IFWIS ALEVV PHICC USPIO UKIZJ SOENS OPIST MYALM TSNEA NLBIA IRMPI NEOJP RAMPI NXDOA BKTAE OPLAY ANREP IGRIO INALN ONKOE AKICM IREOT INMIE NYTRS TRMAE AVNOY KEOVK CIYVD ZASTE HCNYE NZATD ANMEA CIEJJ VEZLH CIENN KMTAO ATOSD VEUJH STDYZ LAGNI PTURF JADAA OPTOE TEALM RMMAO ELCHY OMSIJ INILB ASOPP EDJEL SIZDN JUUTK HCCII CAAFN KOBOE AEUMU OPESL RKTAN DZAVK UFNEY INKCN ADNIZ OKSIL ATENM DANAR WUESR DCFII IZMEO ATDAT ZUICV ANOST NIAND NEJDE SAPTE NCREE DYCKI CILSA JUSTE QQCII
44;14203; VELID CAEVL DCICH UHSTA COJIM PODAT OTERA ENRJE NVZLE POINA OEAKJ ZIMEZ NZAKA ECICI HCSKY SHDRA OSENA NLCIA ISICH PHTIC UVODI DAJIN OZZVA MYVAN EZOME ADNIM HATST YNOVA ERCHP IFSWI ALVEV PHCIC USOPI UKJIZ SOSEN OPTIS MYMAL TSANE NLABI IRIMP NEPOJ RAIMP NXADO BKETA OPYLA ANPRE IGORI INNAL ONEKO AKMIC IRTEO INEMI NYSTR TREMA AVYNO KEKOV CIDYV ZAEST HCENY NZDAT ANAME CIJEJ VEHZL CINEN KMOTA ATDOS VEHUJ STZDY LAIGN PTFUR JAADA OPETO TEMAL RMOMA ELYCH OMJSI INBIL ASPOP EDLJE SINZD JUKUT HCICI CANAF KOEBO AEUUM OPLES RKNTA DZKAV UFYNE INNKC ADZNI OKLSI ATMEN DARNA WURES DCIFI IZOME ATTDA ZUVIC ANTOS NIDAN NEEJD SAEPT NCERE DYICK CIALS JUEST QQICI
45;14230; VELDI CAELV DCIHC UHSAT COJMI PODTA OTEAR ENREJ NVZEL POIAN OEAJK ZIMZE NZAAK ECIIC HCSYK SHDAR OSEAN NLCAI ISIHC PHTCI UVOID DAJNI OZZAV MYVNA EZOEM ADNMI HATTS YNOAV ERCPH IFSIW ALVVE PHCCI USOIP UKJZI SOSNE OPTSI MYMLA TSAEN NLAIB IRIPM NEPJO RAIPM NXAOD BKEAT OPYAL ANPER IGOIR INNLA ONEOK AKMCI IRTOE INEIM NYSRT TREAM AVYON KEKVO CIDVY ZAETS HCEYN NZDTA ANAEM CIJJE VEHLZ CINNE KMOAT ATDSO VEHJU STZYD LAING PTFRU JAAAD OPEOT TEMLA RMOAM ELYHC OMJIS INBLI ASPPO EDLEJ SINDZ JUKTU HCIIC CANFA KOEOB AEUMU OPLSE RKNAT DZKVA UFYEN INNCK ADZIN OKLIS ATMNE DARAN WURSE DCIIF IZOEM ATTAD ZUVCI ANTSO NIDNA NEEDJ SAETP NCEER DYIKC CIASL JUETS QQIIC
46;14302; VEDIL CALVE DCHCI UHATS COMIJ POTAD OTARE ENEJR NVELZ POANI OEJKA ZIZEM NZAKA ECICI HCYKS SHARD OSANE NLAIC ISHCI PHCIT UVIDO DANIJ OZAVZ MYNAV EZEMO ADMIN HATST YNAVO ERPHC IFIWS ALVEV PHCIC USIPO UKZIJ SONES OPSIT MYLAM TSENA NLIBA IRPMI NEJOP RAPMI NXODA BKATE OPALY ANERP IGIRO INLAN ONOKE AKCIM IROET INIME NYRTS TRAME AVONY KEVOK CIVYD ZATSE HCYNE NZTAD ANEMA CIJEJ VELZH CINEN KMATO ATSOD VEJUH STYDZ LANGI PTRUF JAADA OPOTE TELAM RMAMO ELHCY OMISJ INLIB ASPOP EDEJL SIDZN JUTUK HCICI CAFAN KOOBE AEMUU OPSEL RKATN DZVAK UFENY INCKN ADINZ OKISL ATNEM DAANR WUSER DCIFI IZEMO ATADT ZUCIV ANSOT NINAD NEDJE SATPE NCERE DYKCI CISLA JUTSE QQICI
47;14320; VEDLI CALEV DCHIC UHAST COMJI POTDA OTAER ENERJ NVEZL POAIN OEJAK ZIZME NZAAK ECIIC HCYSK SHADR OSAEN NLACI ISHIC PHCTI UVIOD DANJI OZAZV MYNVA EZEOM ADMNI HATTS YNAOV ERPCH IFISW ALVVE PHCCI USIOP UKZJI SONSE OPSTI MYLMA TSEAN NLIAB IRPIM NEJPO RAPIM NXOAD BKAET OPAYL ANEPR IGIOR INLNA ONOEK AKCMI IROTE INIEM NYRST TRAEM AVOYN KEVKO CIVDY ZATES HCYEN NZTDA ANEAM CIJJE VELHZ CINNE KMAOT ATSDO VEJHU STYZD LANIG PTRFU JAAAD OPOET TELMA RMAOM ELHYC OMIJS INLBI ASPPO EDELJ SIDNZ JUTKU HCIIC CAFNA KOOEB AEMUU OPSLE RKANT DZVKA UFEYN INCNK ADIZN OKILS ATNME DAARN WUSRE DCIIF IZEOM ATATD ZUCVI ANSTO NINDA NEDEJ SATEP NCEER DYKIC CISAL JUTES QQIIC
48;20134; LIVDE EVCLA ICDHC STUAH JICMO DAPTO EROAT RJEEN ZLNEV INPAO AKOJE MEZZI AKNAZ ICEIC SKHYC DRSAH ENOAS CINAL ICIHS TIPCH ODUIV JIDNA ZVOAZ VAMNY OMEEZ NIAMD TSHTA OVYAN CHEPR SWIIF VEAVL CIPCH OPUIS JIUZK SESNO TIOSP MAMLY ANTES ABNIL IMIPR PONJE IMRPA ADNOX ETBAK YLOAP PRAEN ORIIG NAILN EKOON MIACK TEIOR EMIIN STNRY EMTAR YNAOV KOKVE DYCVI ESZTA ENHYC DANTZ AMAEN JECJI HZVLE NECNI OTKAM DOAST HUVJE ZDSYT IGLNA FUPRT ADJAA ETOOP MATLE OMRAM YCEHL JSOIM BIILN POAPS LJEED NZSDI KUJTU ICHIC NACFA EBKOO UUAME LEOSP NTRAK KADVZ YNUEF NKICN ZNAID LSOIK MEANT RNDAA REWSU IFDIC OMIEZ TDAAT VIZCU TOASN DANNI EJNDE EPSTA ERNEC ICDKY ALCSI ESJTU ICQIQ
49;20143; LIVED EVCAL ICDCH STUHA JICOM DAPOT EROTA RJENE ZLNVE INPOA AKOEJ MEZIZ AKNZA ICECI SKHCY DRSHA ENOSA CINLA ICISH TIPHC ODUVI JIDAN ZVOZA VAMYN OMEZE NIADM TSHAT OVYNA CHERP SWIFI VEALV CIPHC OPUSI JIUKZ SESON TIOPS MAMYL ANTSE ABNLI IMIRP PONEJ IMRAP ADNXO ETBKA YLOPA PRANE ORIGI NAINL EKONO MIAKC TEIRO EMINI STNYR EMTRA YNAVO KOKEV DYCIV ESZAT ENHCY DANZT AMANE JECIJ HZVEL NECIN OTKMA DOATS HUVEJ ZDSTY IGLAN FUPTR ADJAA ETOPO MATEL OMRMA YCELH JSOMI BIINL POASP LJEDE NZSID KUJUT ICHCI NACAF EBKOO UUAEM LEOPS NTRKA KADZV YNUFE NKINC ZNADI LSOKI MEATN RNDAA REWUS IFDCI OMIZE TDATA VIZUC TOANS DANIN EJNED EPSAT ERNCE ICDYK ALCIS ESJUT ICQQI
50;20314; LIDVE EVLCA ICHDC STAUH JIMCO DATPO ERAOT RJEEN ZLENV INAPO AKJOE MEZZI AKANZ ICIEC SKYHC DRASH ENAOS CIANL ICHIS TICPH ODIUV JINDA ZVAOZ VANMY OMEEZ NIMAD TSTHA OVAYN CHPER SWIIF VEVAL CICPH OPIUS JIZUK SENSO TISOP MALMY ANETS ABINL IMPIR POJNE IMPRA ADONX ETABK YLAOP PREAN ORIIG NALIN EKOON MICAK TEOIR EMIIN STRNY EMATR YNOAV KOVKE DYVCI ESTZA ENYHC DATNZ AMEAN JEJCI HZLVE NENCI OTAKM DOSAT HUJVE ZDYST IGNLA FURPT ADAJA ETOOP MALTE OMARM YCHEL JSIOM BILIN POPAS LJEED NZDSI KUTJU ICIHC NAFCA EBOKO UUMAE LESOP NTARK KAVDZ YNEUF NKCIN ZNIAD LSIOK MENAT RNADA RESWU IFIDC OMEIZ TDAAT VICZU TOSAN DANNI EJDNE EPTSA ERENC ICKDY ALSCI ESTJU ICIQQ
51;20341; LIDEV EVLAC ICHCD STAHU JIMOC DATOP ERATO RJENE ZLEVN INAOP AKJEO MEZIZ AKAZN ICICE SKYCH DRAHS ENASO CIALN ICHSI TICHP ODIVU JINAD ZVAZO VANYM OMEZE NIMDA TSTAH OVANY CHPRE SWIFI VEVLA CICHP OPISU JIZKU SENOS TISPO MALYM ANEST ABILN IMPRI POJEN IMPAR ADOXN ETAKB YLAPO PRENA ORIGI NALNI EKONO MICKA TEORI EMINI STRYN EMART YNOVA KOVEK DYVIC ESTAZ ENYCH DATZN AMENA JEJIC HZLEV NENIC OTAMK DOSTA HUJEV ZDYTS IGNAL FURTP ADAAJ ETOPO MALET OMAMR YCHLE JSIMO BILNI POPSA LJEDE NZDIS KUTUJ ICICH NAFAC EBOOK UUMEA LESPO NTAKR KAVZD YNEFU NKCNI ZNIDA LSIKO MENTA RNAAD RESUW IFICD OMEZI TDATA VICUZ TOSNA DANIN EJDEN EPTAS ERECN ICKYD ALSIC ESTUJ ICIQQ
52;20413; LIEVD EVACL ICCDH STHUA JIOCM DAOPT ERTOA RJNEE ZLVNE INOPA AKEOJ MEIZZ AKZNA ICCEI SKCHY DRHSA ENSOA CILNA ICSIH TIHPC ODVUI JIADN ZVZOA VAYMN OMZEE NIDAM TSAHT OVNYA CHREP SWFII VELAV CIHPC OPSUI JIKUZ SEOSN TIPOS MAYML ANSTE ABLNI IMRIP POENJ IMARP ADXNO ETKBA YLPOA PRNAE ORGII NANIL EKNOO MIKAC TERIO EMNII STYNR EMRTA YNVAO KOEKV DYICV ESAZT ENCHY DAZNT AMNAE JEICJ HZEVL NEICN OTMKA DOTAS HUEVJ ZDTSY IGALN FUTPR ADAJA ETPOO MAETL OMMRA YCLEH JSMOI BINIL POSAP LJDEE NZISD KUUJT ICCHI NAACF EBOKO UUEAM LEPOS NTKRA KAZDV YNFUE NKNIC ZNDAI LSKOI METAN RNADA REUWS IFCDI OMZIE TDTAA VIUZC TONAS DAINN EJEND EPAST ERCNE ICYDK ALICS ESUJT ICQQI
53;20431; LIEDV EVALC ICCHD STHAU JIOMC DAOTP ERTAO RJNEE ZLVEN INOAP AKEJO MEIZZ AKZAN ICCIE SKCYH DRHAS ENSAO CILAN ICSHI TIHCP ODVIU JIAND ZVZAO VAYNM OMZEE NIDMA TSATH OVNAY CHRPE SWFII VELVA CIHCP OPSIU JIKZU SEONS TIPSO MAYLM ANSET ABLIN IMRPI POEJN IMAPR ADXON ETKAB YLPAO PRNEA ORGII NANLI EKNOO MIKCA TEROI EMNII STYRN EMRAT YNVOA KOEVK DYIVC ESATZ ENCYH DAZTN AMNEA JEIJC HZELV NEINC OTMAK DOTSA HUEJV ZDTYS IGANL FUTRP ADAAJ ETPOO MAELT OMMAR YCLHE JSMIO BINLI POSPA LJDEE NZIDS KUUTJ ICCIH NAAFC EBOOK UUEMA LEPSO NTKAR KAZVD YNFEU NKNCI ZNDIA LSKIO METNA RNAAD REUSW IFCID OMZEI TDTAA VIUCZ TONSA DAINN EJEDN EPATS ERCEN ICYKD ALISC ESUTJ ICQIQ
54;21034; LVIDE ECVLA IDCHC SUTAH JCIMO DPATO EORAT REJEN ZNLEV IPNAO AOKJE MZEZI ANKAZ IECIC SHKYC DSRAH EONAS CNIAL IICHS TPICH OUDIV JDINA ZOVAZ VMANY OEMEZ NAIMD THSTA OYVAN CEHPR SIWIF VAEVL CPICH OUPIS JUIZK SSENO TOISP MMALY ATNES ANBIL IIMPR PNOJE IRMPA ANDOX EBTAK YOLAP PAREN OIRIG NIALN EOKON MAICK TIEOR EIMIN SNTRY ETMAR YANOV KKOVE DCYVI EZSTA EHNYC DNATZ AAMEN JCEJI HVZLE NCENI OKTAM DAOST HVUJE ZSDYT ILGNA FPURT AJDAA EOTOP MTALE ORMAM YECHL JOSIM BIILN PAOPS LEJED NSZDI KJUTU IHCIC NCAFA EKBOO UAUME LOESP NRTAK KDAVZ YUNEF NIKCN ZANID LOSIK MAENT RDNAA RWESU IDFIC OIMEZ TADAT VZICU TAOSN DNANI ENJDE ESPTA ENREC IDCKY ACLSI EJSTU IQCIQ
55;21043; LVIED ECVAL IDCCH SUTHA JCIOM DPAOT EORTA REJNE ZNLVE IPNOA AOKEJ MZEIZ ANKZA IECCI SHKCY DSRHA EONSA CNILA IICSH TPIHC OUDVI JDIAN ZOVZA VMAYN OEMZE NAIDM THSAT OYVNA CEHRP SIWFI VAELV CPIHC OUPSI JUIKZ SSEON TOIPS MMAYL ATNSE ANBLI IIMRP PNOEJ IRMAP ANDXO EBTKA YOLPA PARNE OIRGI NIANL EOKNO MAIKC TIERO EIMNI SNTYR ETMRA YANVO KKOEV DCYIV EZSAT EHNCY DNAZT AAMNE JCEIJ HVZEL NCEIN OKTMA DAOTS HVUEJ ZSDTY ILGAN FPUTR AJDAA EOTPO MTAEL ORMMA YECLH JOSMI BIINL PAOSP LEJDE NSZID KJUUT IHCCI NCAAF EKBOO UAUEM LOEPS NRTKA KDAZV YUNFE NIKNC ZANDI LOSKI MAETN RDNAA RWEUS IDFCI OIMZE TADTA VZIUC TAONS DNAIN ENJED ESPAT ENRCE IDCYK ACLIS EJSUT IQCQI
56;21304; LVDIE ECLVA IDHCC SUATH JCMIO DPTAO EOART REEJN ZNELV IPANO AOJKE MZZEI ANAKZ IEICC SHYKC DSARH EOANS CNAIL IIHCS TPCIH OUIDV JDNIA ZOAVZ VMNAY OEEMZ NAMID THTSA OYAVN CEPHR SIIWF VAVEL CPCIH OUIPS JUZIK SSNEO TOSIP MMLAY ATENS ANIBL IIPMR PNJOE IRPMA ANODX EBATK YOALP PAERN OIIRG NILAN EOOKN MACIK TIOER EIIMN SNRTY ETAMR YAONV KKVOE DCVYI EZTSA EHYNC DNTAZ AAEMN JCJEI HVLZE NCNEI OKATM DASOT HVJUE ZSYDT ILNGA FPRUT AJADA EOOTP MTLAE ORAMM YEHCL JOISM BILIN PAPOS LEEJD NSDZI KJTUU IHICC NCFAA EKOBO UAMUE LOSEP NRATK KDVAZ YUENF NICKN ZAIND LOISK MANET RDANA RWSEU IDIFC OIEMZ TAADT VZCIU TASON DNNAI ENDJE ESTPA ENERC IDKCY ACSLI EJTSU IQICQ
57;21340; LVDEI ECLAV IDHCC SUAHT JCMOI DPTOA EOATR REENJ ZNEVL IPAON AOJEK MZZIE ANAZK IEICC SHYCK DSAHR EOASN CNALI IIHSC TPCHI OUIVD JDNAI ZOAZV VMNYA OEEZM NAMDI THTAS OYANV CEPRH SIIFW VAVLE CPCHI OUISP JUZKI SSNOE TOSPI MMLYA ATESN ANILB IIPRM PNJEO IRPAM ANOXD EBAKT YOAPL PAENR OIIGR NILNA EOONK MACKI TIORE EIINM SNRYT ETARM YAOVN KKVEO DCVIY EZTAS EHYCN DNTZA AAENM JCJIE HVLEZ NCNIE OKAMT DASTO HVJEU ZSYTD ILNAG FPRTU AJAAD EOOPT MTLEA ORAMM YEHLC JOIMS BILNI PAPSO LEEDJ NSDIZ KJTUU IHICC NCFAA EKOOB UAMEU LOSPE NRAKT KDVZA YUEFN NICNK ZAIDN LOIKS MANTE RDAAN RWSUE IDICF OIEZM TAATD VZCUI TASNO DNNIA ENDEJ ESTAP ENECR IDKYC ACSIL EJTUS IQIQC
58;21403; LVEID ECAVL IDCCH SUHTA JCOIM DPOAT EOTRA RENJE ZNVLE IPONA AOEKJ MZIEZ ANZKA IECCI SHCKY DSHRA EOSNA CNLIA IISCH TPHIC OUVDI JDAIN ZOZVA VMYAN OEZME NADIM THAST OYNVA CERHP SIFWI VALEV CPHIC OUSPI JUKIZ SSOEN TOPIS MMYAL ATSNE ANLBI IIRMP PNEOJ IRAMP ANXDO EBKTA YOPLA PANRE OIGRI NINAL EONKO MAKIC TIREO EINMI SNYTR ETRMA YAVNO KKEOV DCIYV EZAST EHCNY DNZAT AANME JCIEJ HVEZL NCIEN OKMTA DATOS HVEUJ ZSTDY ILAGN FPTUR AJADA EOPTO MTEAL ORMMA YELCH JOMSI BINIL PASOP LEDJE NSIZD KJUUT IHCCI NCAAF EKOBO UAEUM LOPES NRKTA KDZAV YUFNE NINKC ZADNI LOKSI MATEN RDANA RWUES IDCFI OIZME TATDA VZUIC TANOS DNIAN ENEJD ESAPT ENCRE IDYCK ACILS EJUST IQQCI
59;21430; LVEDI ECALV IDCHC SUHAT JCOMI DPOTA EOTAR RENEJ ZNVEL IPOAN AOEJK MZIZE ANZAK IECIC SHCYK DSHAR EOSAN CNLAI IISHC TPHCI OUVID JDANI ZOZAV VMYNA OEZEM NADMI THATS OYNAV CERPH SIFIW VALVE CPHCI OUSIP JUKZI SSONE TOPSI MMYLA ATSEN ANLIB IIRPM PNEJO IRAPM ANXOD EBKAT YOPAL PANER OIGIR NINLA EONOK MAKCI TIROE EINIM SNYRT ETRAM YAVON KKEVO DCIVY EZATS EHCYN DNZTA AANEM JCIJE HVELZ NCINE OKMAT DATSO HVEJU ZSTYD ILANG FPTRU AJAAD EOPOT MTELA ORMAM YELHC JOMIS BINLI PASPO LEDEJ NSIDZ KJUTU IHCIC NCAFA EKOOB UAEMU LOPSE NRKAT KDZVA YUFEN NINCK ZADIN LOKIS MATNE RDAAN RWUSE IDCIF OIZEM TATAD VZUCI TANSO DNINA ENEDJ ESATP ENCER IDYKC ACISL EJUTS IQQIC
60;23014; LDIVE ELVCA IHCDC SATUH JMICO DTAPO EAROT REJEN ZELNV IANPO AJKOE MZEZI AAKNZ IICEC SYKHC DARSH EANOS CAINL IHCIS TCIPH OIDUV JNIDA ZAVOZ VNAMY OEMEZ NMIAD TTSHA OAVYN CPHER SIWIF VVEAL CCIPH OIPUS JZIUK SNESO TSIOP MLAMY AENTS AIBNL IPMIR PJONE IPMRA AODNX EATBK YALOP PERAN OIRIG NLAIN EOKON MCIAK TOEIR EIMIN SRTNY EAMTR YONAV KVOKE DVYCI ETSZA EYNHC DTANZ AEMAN JJECI HLZVE NNECI OATKM DSOAT HJUVE ZYDST INGLA FRUPT AADJA EOTOP MLATE OAMRM YHCEL JISOM BLIIN PPOAS LEJED NDZSI KTUJU IICHC NFACA EOBKO UMUAE LSEOP NATRK KVADZ YENUF NCKIN ZINAD LISOK MNEAT RANDA RSEWU IIFDC OEMIZ TADAT VCIZU TSOAN DNANI EDJNE ETPSA EERNC IKCDY ASLCI ETSJU IICQQ
61;23041; LDIEV ELVAC IHCCD SATHU JMIOC DTAOP EARTO REJNE ZELVN IANOP AJKEO MZEIZ AAKZN IICCE SYKCH DARHS EANSO CAILN IHCSI TCIHP OIDVU JNIAD ZAVZO VNAYM OEMZE NMIDA TTSAH OAVNY CPHRE SIWFI VVELA CCIHP OIPSU JZIKU SNEOS TSIPO MLAYM AENST AIBLN IPMRI PJOEN IPMAR AODXN EATKB YALPO PERNA OIRGI NLANI EOKNO MCIKA TOERI EIMNI SRTYN EAMRT YONVA KVOEK DVYIC ETSAZ EYNCH DTAZN AEMNA JJEIC HLZEV NNEIC OATMK DSOTA HJUEV ZYDTS INGAL FRUTP AADAJ EOTPO MLAET OAMMR YHCLE JISMO BLINI PPOSA LEJDE NDZIS KTUUJ IICCH NFAAC EOBOK UMUEA LSEPO NATKR KVAZD YENFU NCKNI ZINDA LISKO MNETA RANAD RSEUW IIFCD OEMZI TADTA VCIUZ TSONA DNAIN EDJEN ETPAS EERCN IKCYD ASLIC ETSUJ IICQQ
62;23104; LDVIE ELCVA IHDCC SAUTH JMCIO DTPAO EAORT REEJN ZENLV IAPNO AJOKE MZZEI AANKZ IIECC SYHKC DASRH EAONS CANIL IHICS TCPIH OIUDV JNDIA ZAOVZ VNMAY OEEMZ NMAID TTHSA OAYVN CPEHR SIIWF VVAEL CCPIH OIUPS JZUIK SNSEO TSOIP MLMAY AETNS AINBL IPIMR PJNOE IPRMA AONDX EABTK YAOLP PEARN OIIRG NLIAN EOOKN MCAIK TOIER EIIMN SRNTY EATMR YOANV KVKOE DVCYI ETZSA EYHNC DTNAZ AEAMN JJCEI HLVZE NNCEI OAKTM DSAOT HJVUE ZYSDT INLGA FRPUT AAJDA EOOTP MLTAE OARMM YHECL JIOSM BLIIN PPAOS LEEJD NDSZI KTJUU IIHCC NFCAA EOKBO UMAUE LSOEP NARTK KVDAZ YEUNF NCIKN ZIAND LIOSK MNAET RADNA RSWEU IIDFC OEIMZ TAADT VCZIU TSAON DNNAI EDNJE ETSPA EENRC IKDCY ASCLI ETJSU IIQCQ
63;23140; LDVEI ELCAV IHDCC SAUHT JMCOI DTPOA EAOTR REENJ ZENVL IAPON AJOEK MZZIE AANZK IIECC SYHCK DASHR EAOSN CANLI IHISC TCPHI OIUVD JNDAI ZAOZV VNMYA OEEZM NMADI TTHAS OAYNV CPERH SIIFW VVALE CCPHI OIUSP JZUKI SNSOE TSOPI MLMYA AETSN AINLB IPIRM PJNEO IPRAM AONXD EABKT YAOPL PEANR OIIGR NLINA EOONK MCAKI TOIRE EIINM SRNYT EATRM YOAVN KVKEO DVCIY ETZAS EYHCN DTNZA AEANM JJCIE HLVEZ NNCIE OAKMT DSATO HJVEU ZYSTD INLAG FRPTU AAJAD EOOPT MLTEA OARMM YHELC JIOMS BLINI PPASO LEEDJ NDSIZ KTJUU IIHCC NFCAA EOKOB UMAEU LSOPE NARKT KVDZA YEUFN NCINK ZIADN LIOKS MNATE RADAN RSWUE IIDCF OEIZM TAATD VCZUI TSANO DNNIA EDNEJ ETSAP EENCR IKDYC ASCIL ETJUS IIQQC
64;23401; LDEIV ELAVC IHCCD SAHTU JMOIC DTOAP EATRO RENJE ZEVLN IAONP AJEKO MZIEZ AAZKN IICCE SYCKH DAHRS EASNO CALIN IHSCI TCHIP OIVDU JNAID ZAZVO VNYAM OEZME NMDIA TTASH OANVY CPRHE SIFWI VVLEA CCHIP OISPU JZKIU SNOES TSPIO MLYAM AESNT AILBN IPRMI PJEON IPAMR AOXDN EAKTB YAPLO PENRA OIGRI NLNAI EONKO MCKIA TOREI EINMI SRYTN EARMT YOVNA KVEOK DVIYC ETASZ EYCNH DTZAN AENMA JJIEC HLEZV NNIEC OAMTK DSTOA HJEUV ZYTDS INAGL FRTUP AAADJ EOPTO MLEAT OAMMR YHLCE JIMSO BLNII PPSOA LEDJE NDIZS KTUUJ IICCH NFAAC EOOBK UMEUA LSPEO NAKTR KVZAD YEFNU NCNKI ZIDNA LIKSO MNTEA RAAND RSUEW IICFD OEZMI TATDA VCUIZ TSNOA DNIAN EDEJN ETAPS EECRN IKYCD ASILC ETUSJ IIQCQ
65;23410; LDEVI ELACV IHCDC SAHUT JMOCI DTOPA EATOR RENEJ ZEVNL IAOPN AJEOK MZIZE AAZNK IICEC SYCHK DAHSR EASON CALNI IHSIC TCHPI OIVUD JNADI ZAZOV VNYMA OEZEM NMDAI TTAHS OANYV CPREH SIFIW VVLAE CCHPI OISUP JZKUI SNOSE TSPOI MLYMA AESTN AILNB IPRIM PJENO IPARM AOXND EAKBT YAPOL PENAR OIGIR NLNIA EONOK MCKAI TORIE EINIM SRYNT EARTM YOVAN KVEKO DVICY ETAZS EYCHN DTZNA AENAM JJICE HLEVZ NNICE OAMKT DSTAO HJEVU ZYTSD INALG FRTPU AAAJD EOPOT MLETA OAMRM YHLEC JIMOS BLNII PPSAO LEDEJ NDISZ KTUJU IICHC NFACA EOOKB UMEAU LSPOE NAKRT KVZDA YEFUN NCNIK ZIDAN LIKOS MNTAE RAADN RSUWE IICDF OEZIM TATAD VCUZI TSNAO DNINA EDENJ ETASP EECNR IKYDC ASICL ETUJS IIQQC
66;24013; LEIVD EAVCL ICCDH SHTUA JOICM DOAPT ETROA RNJEE ZVLNE IONPA AEKOJ MIEZZ AZKNA ICCEI SCKHY DHRSA ESNOA CLINA ISCIH THIPC OVDUI JAIDN ZZVOA VYAMN OZMEE NDIAM TASHT ONVYA CRHEP SFWII VLEAV CHIPC OSPUI JKIUZ SOESN TPIOS MYAML ASNTE ALBNI IRMIP PEONJ IAMRP AXDNO EKTBA YPLOA PNRAE OGRII NNAIL ENKOO MKIAC TREIO ENMII SYTNR ERMTA YVNAO KEOKV DIYCV EASZT ECNHY DZANT ANMAE JIECJ HEZVL NIECN OMTKA DTOAS HEUVJ ZTDSY IAGLN FTUPR AADJA EPTOO MEATL OMMRA YLCEH JMSOI BNIIL PSOAP LDJEE NIZSD KUUJT ICCHI NAACF EOBKO UEUAM LPEOS NKTRA KZADV YFNUE NNKIC ZDNAI LKSOI MTEAN RANDA RUEWS ICFDI OZMIE TTDAA VUIZC TNOAS DIANN EEJND EAPST ECRNE IYCDK AILCS EUSJT IQCQI
67;24031; LEIDV EAVLC ICCHD SHTAU JOIMC DOATP ETRAO RNJEE ZVLEN IONAP AEKJO MIEZZ AZKAN ICCIE SCKYH DHRAS ESNAO CLIAN ISCHI THICP OVDIU JAIND ZZVAO VYANM OZMEE NDIMA TASTH ONVAY CRHPE SFWII VLEVA CHICP OSPIU JKIZU SOENS TPISO MYALM ASNET ALBIN IRMPI PEOJN IAMPR AXDON EKTAB YPLAO PNREA OGRII NNALI ENKOO MKICA TREOI ENMII SYTRN ERMAT YVNOA KEOVK DIYVC EASTZ ECNYH DZATN ANMEA JIEJC HEZLV NIENC OMTAK DTOSA HEUJV ZTDYS IAGNL FTURP AADAJ EPTOO MEALT OMMAR YLCHE JMSIO BNILI PSOPA LDJEE NIZDS KUUTJ ICCIH NAAFC EOBOK UEUMA LPESO NKTAR KZAVD YFNEU NNKCI ZDNIA LKSIO MTENA RANAD RUESW ICFID OZMEI TTDAA VUICZ TNOSA DIANN EEJDN EAPTS ECREN IYCKD AILSC EUSTJ IQCIQ
68;24103; LEVID EACVL ICDCH SHUTA JOCIM DOPAT ETORA RNEJE ZVNLE IOPNA AEOKJ MIZEZ AZNKA ICECI SCHKY DHSRA ESONA CLNIA ISICH THPIC OVUDI JADIN ZZOVA VYMAN OZEME NDAIM TAHST ONYVA CREHP SFIWI VLAEV CHPIC OSUPI JKUIZ SOSEN TPOIS MYMAL ASTNE ALNBI IRIMP PENOJ IARMP AXNDO EKBTA YPOLA PNARE OGIRI NNIAL ENOKO MKAIC TRIEO ENIMI SYNTR ERTMA YVANO KEKOV DICYV EAZST ECHNY DZNAT ANAME JICEJ HEVZL NICEN OMKTA DTAOS HEVUJ ZTSDY IALGN FTPUR AAJDA EPOTO METAL OMRMA YLECH JMOSI BNIIL PSAOP LDEJE NISZD KUJUT ICHCI NACAF EOKBO UEAUM LPOES NKRTA KZDAV YFUNE NNIKC ZDANI LKOSI MTAEN RADNA RUWES ICDFI OZIME TTADA VUZIC TNAOS DINAN EENJD EASPT ECNRE IYDCK AICLS EUJST IQQCI
69;24130; LEVDI EACLV ICDHC SHUAT JOCMI DOPTA ETOAR RNEEJ ZVNEL IOPAN AEOJK MIZZE AZNAK ICEIC SCHYK DHSAR ESOAN CLNAI ISIHC THPCI OVUID JADNI ZZOAV VYMNA OZEEM NDAMI TAHTS ONYAV CREPH SFIIW VLAVE CHPCI OSUIP JKUZI SOSNE TPOSI MYMLA ASTEN ALNIB IRIPM PENJO IARPM AXNOD EKBAT YPOAL PNAER OGIIR NNILA ENOOK MKACI TRIOE ENIIM SYNRT ERTAM YVAON KEKVO DICVY EAZTS ECHYN DZNTA ANAEM JICJE HEVLZ NICNE OMKAT DTASO HEVJU ZTSYD IALNG FTPRU AAJAD EPOOT METLA OMRAM YLEHC JMOIS BNILI PSAPO LDEEJ NISDZ KUJTU ICHIC NACFA EOKOB UEAMU LPOSE NKRAT KZDVA YFUEN NNICK ZDAIN LKOIS MTANE RADAN RUWSE ICDIF OZIEM TTAAD VUZCI TNASO DINNA EENDJ EASTP ECNER IYDKC AICSL EUJTS IQQIC
70;24301; LEDIV EALVC ICHCD SHATU JOMIC DOTAP ETARO RNEJE ZVELN IOANP AEJKO MIZEZ AZAKN ICICE SCYKH DHARS ESANO CLAIN ISHCI THCIP OVIDU JANID ZZAVO VYNAM OZEME NDMIA TATSH ONAVY CRPHE SFIWI VLVEA CHCIP OSIPU JKZIU SONES TPSIO MYLAM ASENT ALIBN IRPMI PEJON IAPMR AXODN EKATB YPALO PNERA OGIRI NNLAI ENOKO MKCIA TROEI ENIMI SYRTN ERAMT YVONA KEVOK DIVYC EATSZ ECYNH DZTAN ANEMA JIJEC HELZV NINEC OMATK DTSOA HEJUV ZTYDS IANGL FTRUP AAADJ EPOTO MELAT OMAMR YLHCE JMISO BNLII PSPOA LDEJE NIDZS KUTUJ ICICH NAFAC EOOBK UEMUA LPSEO NKATR KZVAD YFENU NNCKI ZDINA LKISO MTNEA RAAND RUSEW ICIFD OZEMI TTADA VUCIZ TNSOA DINAN EEDJN EATPS ECERN IYKCD AISLC EUTSJ IQICQ
71;24310; LEDVI EALCV ICHDC SHAUT JOMCI DOTPA ETAOR RNEEJ ZVENL IOAPN AEJOK MIZZE AZANK ICIEC SCYHK DHASR ESAON CLANI ISHIC THCPI OVIUD JANDI ZZAOV VYNMA OZEEM NDMAI TATHS ONAYV CRPEH SFIIW VLVAE CHCPI OSIUP JKZUI SONSE TPSOI MYLMA ASETN ALINB IRPIM PEJNO IAPRM AXOND EKABT YPAOL PNEAR OGIIR NNLIA ENOOK MKCAI TROIE ENIIM SYRNT ERATM YVOAN KEVKO DIVCY EATZS ECYHN DZTNA ANEAM JIJCE HELVZ NINCE OMAKT DTSAO HEJVU ZTYSD IANLG FTRPU AAAJD EPOOT MELTA OMARM YLHEC JMIOS BNLII PSPAO LDEEJ NIDSZ KUTJU ICIHC NAFCA EOOKB UEMAU LPSOE NKART KZVDA YFEUN NNCIK ZDIAN LKIOS MTNAE RAADN RUSWE ICIDF OZEIM TTAAD VUCZI TNSAO DINNA EEDNJ EATSP ECENR IYKDC AISCL EUTJS IQIQC
72;30124; DIVLE LVCEA HCDIC ATUSH MICJO TAPDO AROET EJERN ELNZV ANPIO JKOAE ZEZMI AKNAZ ICEIC YKHSC ARSDH ANOES AINCL HCIIS CIPTH IDUOV NIDJA AVOZZ NAMVY EMEOZ MIAND TSHTA AVYON PHECR IWISF VEAVL CIPCH IPUOS ZIUJK NESSO SIOTP LAMMY ENTAS IBNAL PMIIR JONPE PMRIA ODNAX ATBEK ALOYP ERAPN IRIOG LAINN OKOEN CIAMK OEITR IMIEN RTNSY AMTER ONAYV VOKKE VYCDI TSZEA YNHEC TANDZ EMAAN JECJI LZVHE NECNI ATKOM SOADT JUVHE YDSZT NGLIA RUPFT ADJAA OTOEP LATME AMROM HCEYL ISOJM LIIBN POAPS EJELD DZSNI TUJKU ICHIC FACNA OBKEO MUAUE SEOLP ATRNK VADKZ ENUYF CKINN INAZD ISOLK NEAMT ANDRA SEWRU IFDIC EMIOZ ADATT CIZVU SOATN NANDI DJNEE TPSEA ERNEC KCDIY SLCAI TSJEU ICQIQ
73;30142; DIVEL LVCAE HCDCI ATUHS MICOJ TAPOD AROTE EJENR ELNVZ ANPOI JKOEA ZEZIM AKNZA ICECI YKHCS ARSHD ANOSE AINLC HCISI CIPHT IDUVO NIDAJ AVOZZ NAMYV EMEZO MIADN TSHAT AVYNO PHERC IWIFS VEALV CIPHC IPUSO ZIUKJ NESOS SIOPT LAMYM ENTSA IBNLA PMIRI JONEP PMRAI ODNXA ATBKE ALOPY ERANP IRIGO LAINN OKONE CIAKM OEIRT IMINE RTNYS AMTRE ONAVY VOKEK VYCID TSZAE YNHCE TANZD EMANA JECIJ LZVEH NECIN ATKMO SOATD JUVEH YDSTZ NGLAI RUPTF ADJAA OTOPE LATEM AMRMO HCELY ISOMJ LIINB POASP EJEDL DZSIN TUJUK ICHCI FACAN OBKOE MUAEU SEOPL ATRKN VADZK ENUFY CKINN INADZ ISOKL NEATM ANDAR SEWUR IFDCI EMIZO ADATT CIZUV SOANT NANID DJNEE TPSAE ERNCE KCDYI SLCIA TSJUE ICQQI
74;30214; DILVE LVECA HCIDC ATSUH MIJCO TADPO AREOT EJREN ELZNV ANIPO JKAOE ZEMZI AKANZ ICIEC YKSHC ARDSH ANEOS AICNL HCIIS CITPH IDOUV NIJDA AVZOZ NAVMY EMOEZ MINAD TSTHA AVOYN PHCER IWSIF VEVAL CICPH IPOUS ZIJUK NESSO SITOP LAMMY ENATS IBANL PMIIR JOPNE PMIRA ODANX ATEBK ALYOP ERPAN IROIG LANIN OKEON CIMAK OETIR IMEIN RTSNY AMETR ONYAV VOKKE VYDCI TSEZA YNEHC TADNZ EMAAN JEJCI LZHVE NENCI ATOKM SODAT JUHVE YDZST NGILA RUFPT ADAJA OTEOP LAMTE AMORM HCYEL ISJOM LIBIN POPAS EJLED DZNSI TUKJU ICIHC FANCA OBEKO MUUAE SELOP ATNRK VAKDZ ENYUF CKNIN INZAD ISLOK NEMAT ANRDA SERWU IFIDC EMOIZ ADTAT CIVZU SOTAN NADNI DJENE TPESA ERENC KCIDY SLACI TSEJU ICIQQ
75;30241; DILEV LVEAC HCICD ATSHU MIJOC TADOP ARETO EJRNE ELZVN ANIOP JKAEO ZEMIZ AKAZN ICICE YKSCH ARDHS ANESO AICLN HCISI CITHP IDOVU NIJAD AVZZO NAVYM EMOZE MINDA TSTAH AVONY PHCRE IWSFI VEVLA CICHP IPOSU ZIJKU NESOS SITPO LAMYM ENAST IBALN PMIRI JOPEN PMIAR ODAXN ATEKB ALYPO ERPNA IROGI LANNI OKENO CIMKA OETRI IMENI RTSYN AMERT ONYVA VOKEK VYDIC TSEAZ YNECH TADZN EMANA JEJIC LZHEV NENIC ATOMK SODTA JUHEV YDZTS NGIAL RUFTP ADAAJ OTEPO LAMET AMOMR HCYLE ISJMO LIBNI POPSA EJLDE DZNIS TUKUJ ICICH FANAC OBEOK MUUEA SELPO ATNKR VAKZD ENYFU CKNNI INZDA ISLKO NEMTA ANRAD SERUW IFICD EMOZI ADTTA CIVUZ SOTNA NADIN DJEEN TPEAS ERECN KCIYD SLAIC TSEUJ ICIQQ
76;30412; DIEVL LVACE HCCDI ATHUS MIOCJ TAOPD ARTOE EJNER ELVNZ ANOPI JKEOA ZEIZM AKZNA ICCEI YKCHS ARHSD ANSOE AILNC HCSII CIHPT IDVUO NIADJ AVZOZ NAYMV EMZEO MIDAN TSAHT AVNYO PHREC IWFIS VELAV CIHPC IPSUO ZIKUJ NEOSS SIPOT LAYMM ENSTA IBLNA PMRII JOENP PMARI ODXNA ATKBE ALPOY ERNAP IRGIO LANIN OKNOE CIKAM OERIT IMNIE RTYNS AMRTE ONVAY VOEKK VYICD TSAZE YNCHE TAZND EMNAA JEICJ LZEVH NEICN ATMKO SOTAD JUEVH YDTSZ NGALI RUTPF ADAJA OTPOE LAETM AMMRO HCLEY ISMOJ LINIB POSAP EJDEL DZISN TUUJK ICCHI FAACN OBOKE MUEAU SEPOL ATKRN VAZDK ENFUY CKNIN INDAZ ISKOL NETAM ANADR SEUWR IFCDI EMZIO ADTAT CIUZV SONAT NAIND DJENE TPASE ERCNE KCYDI SLICA TSUJE ICQQI
77;30421; DIELV LVAEC HCCID ATHSU MIOJC TAODP ARTEO EJNRE ELVZN ANOIP JKEAO ZEIMZ AKZAN ICCIE YKCSH ARHDS ANSEO AILCN HCSII CIHTP IDVOU NIAJD AVZZO NAYVM EMZOE MIDNA TSATH AVNOY PHRCE IWFSI VELVA CIHCP IPSOU ZIKJU NEOSS SIPTO LAYMM ENSAT IBLAN PMRII JOEPN PMAIR ODXAN ATKEB ALPYO ERNPA IRGOI LANNI OKNEO CIKMA OERTI IMNEI RTYSN AMRET ONVYA VOEKK VYIDC TSAEZ YNCEH TAZDN EMNAA JEIJC LZEHV NEINC ATMOK SOTDA JUEHV YDTZS NGAIL RUTFP ADAAJ OTPEO LAEMT AMMOR HCLYE ISMJO LINBI POSPA EJDLE DZINS TUUKJ ICCIH FAANC OBOEK MUEUA SEPLO ATKNR VAZKD ENFYU CKNNI INDZA ISKLO NETMA ANARD SEURW IFCID EMZOI ADTTA CIUVZ SONTA NAIDN DJEEN TPAES ERCEN KCYID SLIAC TSUEJ ICQIQ
78;31024; DVILE LCVEA HDCIC AUTSH MCIJO TPADO AORET EEJRN ENLZV APNIO JOKAE ZZEMI ANKAZ IECIC YHKSC ASRDH AONES ANICL HICIS CPITH IUDOV NDIJA AOVZZ NMAVY EEMOZ MAIND THSTA AYVON PEHCR IIWSF VAEVL CPICH IUPOS ZUIJK NSESO SOITP LMAMY ETNAS INBAL PIMIR JNOPE PRMIA ONDAX ABTEK AOLYP EARPN IIROG LIANN OOKEN CAIMK OIETR IIMEN RNTSY ATMER OANYV VKOKE VCYDI TZSEA YHNEC TNADZ EAMAN JCEJI LVZHE NCENI AKTOM SAODT JVUHE YSDZT NLGIA RPUFT AJDAA OOTEP LTAME ARMOM HECYL IOSJM LIIBN PAOPS EEJLD DSZNI TJUKU IHCIC FCANA OKBEO MAUUE SOELP ARTNK VDAKZ EUNYF CIKNN IANZD IOSLK NAEMT ADNRA SWERU IDFIC EIMOZ AADTT CZIVU SAOTN NNADI DNJEE TSPEA ENREC KDCIY SCLAI TJSEU IQCIQ
79;31042; DVIEL LCVAE HDCCI AUTHS MCIOJ TPAOD AORTE EEJNR ENLVZ APNOI JOKEA ZZEIM ANKZA IECCI YHKCS ASRHD AONSE ANILC HICSI CPIHT IUDVO NDIAJ AOVZZ NMAYV EEMZO MAIDN THSAT AYVNO PEHRC IIWFS VAELV CPIHC IUPSO ZUIKJ NSEOS SOIPT LMAYM ETNSA INBLA PIMRI JNOEP PRMAI ONDXA ABTKE AOLPY EARNP IIRGO LIANN OOKNE CAIKM OIERT IIMNE RNTYS ATMRE OANVY VKOEK VCYID TZSAE YHNCE TNAZD EAMNA JCEIJ LVZEH NCEIN AKTMO SAOTD JVUEH YSDTZ NLGAI RPUTF AJDAA OOTPE LTAEM ARMMO HECLY IOSMJ LIINB PAOSP EEJDL DSZIN TJUUK IHCCI FCAAN OKBOE MAUEU SOEPL ARTKN VDAZK EUNFY CIKNN IANDZ IOSKL NAETM ADNAR SWEUR IDFCI EIMZO AADTT CZIUV SAONT NNAID DNJEE TSPAE ENRCE KDCYI SCLIA TJSUE IQCQI
80;31204; DVLIE LCEVA HDICC AUSTH MCJIO TPDAO AOERT EERJN ENZLV APINO JOAKE ZZMEI ANAKZ IEICC YHSKC ASDRH AOENS ANCIL HIICS CPTIH IUODV NDJIA AOZVZ NMVAY EEOMZ MANID THTSA AYOVN PECHR IISWF VAVEL CPCIH IUOPS ZUJIK NSSEO SOTIP LMMAY ETANS INABL PIIMR JNPOE PRIMA ONADX ABETK AOYLP EAPRN IIORG LINAN OOEKN CAMIK OITER IIEMN RNSTY ATEMR OAYNV VKKOE VCDYI TZESA YHENC TNDAZ EAAMN JCJEI LVHZE NCNEI AKOTM SADOT JVHUE YSZDT NLIGA RPFUT AJADA OOETP LTMAE AROMM HEYCL IOJSM LIBIN PAPOS EELJD DSNZI TJKUU IHICC FCNAA OKEBO MAUUE SOLEP ARNTK VDKAZ EUYNF CINKN IAZND IOLSK NAMET ADRNA SWREU IDIFC EIOMZ AATDT CZVIU SATON NNDAI DNEJE TSEPA ENERC KDICY SCALI TJESU IQICQ
81;31240; DVLEI LCEAV HDICC AUSHT MCJOI TPDOA AOETR EERNJ ENZVL APION JOAEK ZZMIE ANAZK IEICC YHSCK ASDHR AOESN ANCLI HIISC CPTHI IUOVD NDJAI AOZZV NMVYA EEOZM MANDI THTAS AYONV PECRH IISFW VAVLE CPCHI IUOSP ZUJKI NSSOE SOTPI LMMYA ETASN INALB PIIRM JNPEO PRIAM ONAXD ABEKT AOYPL EAPNR IIOGR LINNA OOENK CAMKI OITRE IIENM RNSYT ATERM OAYVN VKKEO VCDIY TZEAS YHECN TNDZA EAANM JCJIE LVHEZ NCNIE AKOMT SADTO JVHEU YSZTD NLIAG RPFTU AJAAD OOEPT LTMEA AROMM HEYLC IOJMS LIBNI PAPSO EELDJ DSNIZ TJKUU IHICC FCNAA OKEOB MAUEU SOLPE ARNKT VDKZA EUYFN CINNK IAZDN IOLKS NAMTE ADRAN SWRUE IDICF EIOZM AATTD CZVUI SATNO NNDIA DNEEJ TSEAP ENECR KDIYC SCAIL TJEUS IQIQC
82;31402; DVEIL LCAVE HDCCI AUHTS MCOIJ TPOAD AOTRE EENJR ENVLZ APONI JOEKA ZZIEM ANZKA IECCI YHCKS ASHRD AOSNE ANLIC HISCI CPHIT IUVDO NDAIJ AOZVZ NMYAV EEZMO MADIN THAST AYNVO PERHC IIFWS VALEV CPHIC IUSPO ZUKIJ NSOES SOPIT LMYAM ETSNA INLBA PIRMI JNEOP PRAMI ONXDA ABKTE AOPLY EANRP IIGRO LINAN OONKE CAKIM OIRET IINME RNYTS ATRME OAVNY VKEOK VCIYD TZASE YHCNE TNZAD EANMA JCIEJ LVEZH NCIEN AKMTO SATOD JVEUH YSTDZ NLAGI RPTUF AJADA OOPTE LTEAM ARMMO HELCY IOMSJ LINIB PASOP EEDJL DSIZN TJUUK IHCCI FCAAN OKOBE MAEUU SOPEL ARKTN VDZAK EUFNY CINKN IADNZ IOKSL NATEM ADANR SWUER IDCFI EIZMO AATDT CZUIV SANOT NNIAD DNEJE TSAPE ENCRE KDYCI SCILA TJUSE IQQCI
83;31420; DVELI LCAEV HDCIC AUHST MCOJI TPODA AOTER EENRJ ENVZL APOIN JOEAK ZZIME ANZAK IECIC YHCSK ASHDR AOSEN ANLCI HISIC CPHTI IUVOD NDAJI AOZZV NMYVA EEZOM MADNI THATS AYNOV PERCH IIFSW VALVE CPHCI IUSOP ZUKJI NSOSE SOPTI LMYMA ETSAN INLAB PIRIM JNEPO PRAIM ONXAD ABKET AOPYL EANPR IIGOR LINNA OONEK CAKMI OIRTE IINEM RNYST ATREM OAVYN VKEKO VCIDY TZAES YHCEN TNZDA EANAM JCIJE LVEHZ NCINE AKMOT SATDO JVEHU YSTZD NLAIG RPTFU AJAAD OOPET LTEMA ARMOM HELYC IOMJS LINBI PASPO EEDLJ DSINZ TJUKU IHCIC FCANA OKOEB MAEUU SOPLE ARKNT VDZKA EUFYN CINNK IADZN IOKLS NATME ADARN SWURE IDCIF EIZOM AATTD CZUVI SANTO NNIDA DNEEJ TSAEP ENCER KDYIC SCIAL TJUES IQQIC
84;32014; DLIVE LEVCA HICDC ASTUH MJICO TDAPO AEROT ERJEN EZLNV AINPO JAKOE ZMEZI AAKNZ IICEC YSKHC ADRSH AENOS ACINL HICIS CTIPH IODUV NJIDA AZVOZ NVAMY EOMEZ MNIAD TTSHA AOVYN PCHER ISWIF VVEAL CCIPH IOPUS ZJIUK NSESO STIOP LMAMY EANTS IABNL PIMIR JPONE PIMRA OADNX AETBK AYLOP EPRAN IORIG LNAIN OEKON CMIAK OTEIR IEMIN RSTNY AEMTR OYNAV VKOKE VDYCI TESZA YENHC TDANZ EAMAN JJECI LHZVE NNECI AOTKM SDOAT JHUVE YZDST NIGLA RFUPT AADJA OETOP LMATE AOMRM HYCEL IJSOM LBIIN PPOAS ELJED DNZSI TKUJU IICHC FNACA OEBKO MUUAE SLEOP ANTRK VKADZ EYNUF CNKIN IZNAD ILSOK NMEAT ARNDA SREWU IIFDC EOMIZ ATDAT CVIZU STOAN NDANI DEJNE TEPSA EERNC KICDY SALCI TESJU IICQQ
85;32041; DLIEV LEVAC HICCD ASTHU MJIOC TDAOP AERTO ERJNE EZLVN AINOP JAKEO ZMEIZ AAKZN IICCE YSKCH ADRHS AENSO ACILN HICSI CTIHP IODVU NJIAD AZVZO NVAYM EOMZE MNIDA TTSAH AOVNY PCHRE ISWFI VVELA CCIHP IOPSU ZJIKU NSEOS STIPO LMAYM EANST IABLN PIMRI JPOEN PIMAR OADXN AETKB AYLPO EPRNA IORGI LNANI OEKNO CMIKA OTERI IEMNI RSTYN AEMRT OYNVA VKOEK VDYIC TESAZ YENCH TDAZN EAMNA JJEIC LHZEV NNEIC AOTMK SDOTA JHUEV YZDTS NIGAL RFUTP AADAJ OETPO LMAET AOMMR HYCLE IJSMO LBINI PPOSA ELJDE DNZIS TKUUJ IICCH FNAAC OEBOK MUUEA SLEPO ANTKR VKAZD EYNFU CNKNI IZNDA ILSKO NMETA ARNAD SREUW IIFCD EOMZI ATDTA CVIUZ STONA NDAIN DEJEN TEPAS EERCN KICYD SALIC TESUJ IICQQ
86;32104; DLVIE LECVA HIDCC ASUTH MJCIO TDPAO AEORT EREJN EZNLV AIPNO JAOKE ZMZEI AANKZ IIECC YSHKC ADSRH AEONS ACNIL HIICS CTPIH IOUDV NJDIA AZOVZ NVMAY EOEMZ MNAID TTHSA AOYVN PCEHR ISIWF VVAEL CCPIH IOUPS ZJUIK NSSEO STOIP LMMAY EATNS IANBL PIIMR JPNOE PIRMA OANDX AEBTK AYOLP EPARN IOIRG LNIAN OEOKN CMAIK OTIER IEIMN RSNTY AETMR OYANV VKKOE VDCYI TEZSA YEHNC TDNAZ EAAMN JJCEI LHVZE NNCEI AOKTM SDAOT JHVUE YZSDT NILGA RFPUT AAJDA OEOTP LMTAE AORMM HYECL IJOSM LBIIN PPAOS ELEJD DNSZI TKJUU IIHCC FNCAA OEKBO MUAUE SLOEP ANRTK VKDAZ EYUNF CNIKN IZAND ILOSK NMAET ARDNA SRWEU IIDFC EOIMZ ATADT CVZIU STAON NDNAI DENJE TESPA EENRC KIDCY SACLI TEJSU IIQCQ
87;32140; DLVEI LECAV HIDCC ASUHT MJCOI TDPOA AEOTR ERENJ EZNVL AIPON JAOEK ZMZIE AANZK IIECC YSHCK ADSHR AEOSN ACNLI HIISC CTPHI IOUVD NJDAI AZOZV NVMYA EOEZM MNADI TTHAS AOYNV PCERH ISIFW VVALE CCPHI IOUSP ZJUKI NSSOE STOPI LMMYA EATSN IANLB PIIRM JPNEO PIRAM OANXD AEBKT AYOPL EPANR IOIGR LNINA OEONK CMAKI OTIRE IEINM RSNYT AETRM OYAVN VKKEO VDCIY TEZAS YEHCN TDNZA EAANM JJCIE LHVEZ NNCIE AOKMT SDATO JHVEU YZSTD NILAG RFPTU AAJAD OEOPT LMTEA AORMM HYELC IJOMS LBINI PPASO ELEDJ DNSIZ TKJUU IIHCC FNCAA OEKOB MUAEU SLOPE ANRKT VKDZA EYUFN CNINK IZADN ILOKS NMATE ARDAN SRWUE IIDCF EOIZM ATATD CVZUI STANO NDNIA DENEJ TESAP EENCR KIDYC SACIL TEJUS IIQQC
88;32401; DLEIV LEAVC HICCD ASHTU MJOIC TDOAP AETRO ERNJE EZVLN AIONP JAEKO ZMIEZ AAZKN IICCE YSCKH ADHRS AESNO ACLIN HISCI CTHIP IOVDU NJAID AZZVO NVYAM EOZME MNDIA TTASH AONVY PCRHE ISFWI VVLEA CCHIP IOSPU ZJKIU NSOES STPIO LMYAM EASNT IALBN PIRMI JPEON PIAMR OAXDN AEKTB AYPLO EPNRA IOGRI LNNAI OENKO CMKIA OTREI IENMI RSYTN AERMT OYVNA VKEOK VDIYC TEASZ YECNH TDZAN EANMA JJIEC LHEZV NNIEC AOMTK SDTOA JHEUV YZTDS NIAGL RFTUP AAADJ OEPTO LMEAT AOMMR HYLCE IJMSO LBNII PPSOA ELDJE DNIZS TKUUJ IICCH FNAAC OEOBK MUEUA SLPEO ANKTR VKZAD EYFNU CNNKI IZDNA ILKSO NMTEA ARAND SRUEW IICFD EOZMI ATTDA CVUIZ STNOA NDIAN DEEJN TEAPS EECRN KIYCD SAILC TEUSJ IIQCQ
89;32410; DLEVI LEACV HICDC ASHUT MJOCI TDOPA AETOR ERNEJ EZVNL AIOPN JAEOK ZMIZE AAZNK IICEC YSCHK ADHSR AESON ACLNI HISIC CTHPI IOVUD NJADI AZZOV NVYMA EOZEM MNDAI TTAHS AONYV PCREH ISFIW VVLAE CCHPI IOSUP ZJKUI NSOSE STPOI LMYMA EASTN IALNB PIRIM JPENO PIARM OAXND AEKBT AYPOL EPNAR IOGIR LNNIA OENOK CMKAI OTRIE IENIM RSYNT AERTM OYVAN VKEKO VDICY TEAZS YECHN TDZNA EANAM JJICE LHEVZ NNICE AOMKT SDTAO JHEVU YZTSD NIALG RFTPU AAAJD OEPOT LMETA AOMRM HYLEC IJMOS LBNII PPSAO ELDEJ DNISZ TKUJU IICHC FNACA OEOKB MUEAU SLPOE ANKRT VKZDA EYFUN CNNIK IZDAN ILKOS NMTAE ARADN SRUWE IICDF EOZIM ATTAD CVUZI STNAO NDINA DEENJ TEASP EECNR KIYDC SAICL TEUJS IIQQC
90;34012; DEIVL LAVCE HCCDI AHTUS MOICJ TOAPD ATROE ENJER EVLNZ AONPI JEKOA ZIEZM AZKNA ICCEI YCKHS AHRSD ASNOE ALINC HSCII CHIPT IVDUO NAIDJ AZVOZ NYAMV EZMEO MDIAN TASHT ANVYO PRHEC IFWIS VLEAV CHIPC ISPUO ZKIUJ NOESS SPIOT LYAMM ESNTA ILBNA PRMII JEONP PAMRI OXDNA AKTBE APLOY ENRAP IGRIO LNAIN ONKOE CKIAM OREIT INMIE RYTNS ARMTE OVNAY VEOKK VIYCD TASZE YCNHE TZAND ENMAA JIECJ LEZVH NIECN AMTKO STOAD JEUVH YTDSZ NAGLI RTUPF AADJA OPTOE LEATM AMMRO HLCEY IMSOJ LNIIB PSOAP EDJEL DIZSN TUUJK ICCHI FAACN OOBKE MEUAU SPEOL AKTRN VZADK EFNUY CNKIN IDNAZ IKSOL NTEAM AANDR SUEWR ICFDI EZMIO ATDAT CUIZV SNOAT NIAND DEJNE TAPSE ECRNE KYCDI SILCA TUSJE IQCQI
91;34021; DEILV LAVEC HCCID AHTSU MOIJC TOADP ATREO ENJRE EVLZN AONIP JEKAO ZIEMZ AZKAN ICCIE YCKSH AHRDS ASNEO ALICN HSCII CHITP IVDOU NAIJD AZVZO NYAVM EZMOE MDINA TASTH ANVOY PRHCE IFWSI VLEVA CHICP ISPOU ZKIJU NOESS SPITO LYAMM ESNAT ILBAN PRMII JEOPN PAMIR OXDAN AKTEB APLYO ENRPA IGROI LNANI ONKEO CKIMA ORETI INMEI RYTSN ARMET OVNYA VEOKK VIYDC TASEZ YCNEH TZADN ENMAA JIEJC LEZHV NIENC AMTOK STODA JEUHV YTDZS NAGIL RTUFP AADAJ OPTEO LEAMT AMMOR HLCYE IMSJO LNIBI PSOPA EDJLE DIZNS TUUKJ ICCIH FAANC OOBEK MEUUA SPELO AKTNR VZAKD EFNYU CNKNI IDNZA IKSLO NTEMA AANRD SUERW ICFID EZMOI ATDTA CUIVZ SNOTA NIADN DEJEN TAPES ECREN KYCID SILAC TUSEJ IQCIQ
92;34102; DEVIL LACVE HCDCI AHUTS MOCIJ TOPAD ATORE ENEJR EVNLZ AOPNI JEOKA ZIZEM AZNKA ICECI YCHKS AHSRD ASONE ALNIC HSICI CHPIT IVUDO NADIJ AZOVZ NYMAV EZEMO MDAIN TAHST ANYVO PREHC IFIWS VLAEV CHPIC ISUPO ZKUIJ NOSES SPOIT LYMAM ESTNA ILNBA PRIMI JENOP PARMI OXNDA AKBTE APOLY ENARP IGIRO LNIAN ONOKE CKAIM ORIET INIME RYNTS ARTME OVANY VEKOK VICYD TAZSE YCHNE TZNAD ENAMA JICEJ LEVZH NICEN AMKTO STAOD JEVUH YTSDZ NALGI RTPUF AAJDA OPOTE LETAM AMRMO HLECY IMOSJ LNIIB PSAOP EDEJL DISZN TUJUK ICHCI FACAN OOKBE MEAUU SPOEL AKRTN VZDAK EFUNY CNIKN IDANZ IKOSL NTAEM AADNR SUWER ICDFI EZIMO ATADT CUZIV SNAOT NINAD DENJE TASPE ECNRE KYDCI SICLA TUJSE IQQCI
93;34120; DEVLI LACEV HCDIC AHUST MOCJI TOPDA ATOER ENERJ EVNZL AOPIN JEOAK ZIZME AZNAK ICEIC YCHSK AHSDR ASOEN ALNCI HSIIC CHPTI IVUOD NADJI AZOZV NYMVA EZEOM MDANI TAHTS ANYOV PRECH IFISW VLAVE CHPCI ISUOP ZKUJI NOSSE SPOTI LYMMA ESTAN ILNAB PRIIM JENPO PARIM OXNAD AKBET APOYL ENAPR IGIOR LNINA ONOEK CKAMI ORITE INIEM RYNST ARTEM OVAYN VEKKO VICDY TAZES YCHEN TZNDA ENAAM JICJE LEVHZ NICNE AMKOT STADO JEVHU YTSZD NALIG RTPFU AAJAD OPOET LETMA AMROM HLEYC IMOJS LNIBI PSAPO EDELJ DISNZ TUJKU ICHIC FACNA OOKEB MEAUU SPOLE AKRNT VZDKA EFUYN CNINK IDAZN IKOLS NTAME AADRN SUWRE ICDIF EZIOM ATATD CUZVI SNATO NINDA DENEJ TASEP ECNER KYDIC SICAL TUJES IQQIC
94;34201; DELIV LAEVC HCICD AHSTU MOJIC TODAP ATERO ENRJE EVZLN AOINP JEAKO ZIMEZ AZAKN ICICE YCSKH AHDRS ASENO ALCIN HSICI CHTIP IVODU NAJID AZZVO NYVAM EZOME MDNIA TATSH ANOVY PRCHE IFSWI VLVEA CHCIP ISOPU ZKJIU NOSES SPTIO LYMAM ESANT ILABN PRIMI JEPON PAIMR OXADN AKETB APYLO ENPRA IGORI LNNAI ONEKO CKMIA ORTEI INEMI RYSTN AREMT OVYNA VEKOK VIDYC TAESZ YCENH TZDAN ENAMA JIJEC LEHZV NINEC AMOTK STDOA JEHUV YTZDS NAIGL RTFUP AAADJ OPETO LEMAT AMOMR HLYCE IMJSO LNBII PSPOA EDLJE DINZS TUKUJ ICICH FANAC OOEBK MEUUA SPLEO AKNTR VZKAD EFYNU CNNKI IDZNA IKLSO NTMEA AARND SUREW ICIFD EZOMI ATTDA CUVIZ SNTOA NIDAN DEEJN TAEPS ECERN KYICD SIALC TUESJ IQICQ
95;34210; DELVI LAECV HCIDC AHSUT MOJCI TODPA ATEOR ENREJ EVZNL AOIPN JEAOK ZIMZE AZANK ICIEC YCSHK AHDSR ASEON ALCNI HSIIC CHTPI IVOUD NAJDI AZZOV NYVMA EZOEM MDNAI TATHS ANOYV PRCEH IFSIW VLVAE CHCPI ISOUP ZKJUI NOSSE SPTOI LYMMA ESATN ILANB PRIIM JEPNO PAIRM OXAND AKEBT APYOL ENPAR IGOIR LNNIA ONEOK CKMAI ORTIE INEIM RYSNT ARETM OVYAN VEKKO VIDCY TAEZS YCEHN TZDNA ENAAM JIJCE LEHVZ NINCE AMOKT STDAO JEHVU YTZSD NAILG RTFPU AAAJD OPEOT LEMTA AMORM HLYEC IMJOS LNBII PSPAO EDLEJ DINSZ TUKJU ICIHC FANCA OOEKB MEUAU SPLOE AKNRT VZKDA EFYUN CNNIK IDZAN IKLOS NTMAE AARDN SURWE ICIDF EZOIM ATTAD CUVZI SNTAO NIDNA DEENJ TAESP ECENR KYIDC SIACL TUEJS IQIQC
96;40123; EIVLD AVCEL CCDIH HTUSA OICJM OAPDT TROEA NJERE VLNZE ONPIA EKOAJ IEZMZ ZKNAA CCEII CKHSY HRSDA SNOEA LINCA SCIIH HIPTC VDUOI AIDJN ZVOZA YAMVN ZMEOE DIANM ASHTT NVYOA RHECP FWISI LEAVV HIPCC SPUOI KIUJZ OESSN PIOTS YAMML SNTAE LBNAI RMIIP EONPJ AMRIP XDNAO KTBEA PLOYA NRAPE GRIOI NAINL NKOEO KIAMC REITO NMIEI YTNSR RMTEA VNAYO EOKKV IYCDV ASZET CNHEY ZANDT NMAAE IECJJ EZVHL IECNN MTKOA TOADS EUVHJ TDSZY AGLIN TUPFR ADJAA PTOEO EATML MMROA LCEYH MSOJI NIIBL SOAPP DJELE IZSND UUJKT CCHII AACNF OBKEO EUAUM PEOLS KTRNA ZADKV FNUYE NKINC DNAZI KSOLI TEAMN ANDRA UEWRS CFDII ZMIOE TDATA UIZVC NOATS IANDN EJNED APSET CRNEE YCDIK ILCAS USJET QCQII
97;40132; EIVDL AVCLE CCDHI HTUAS OICMJ OAPTD TROAE NJEER VLNEZ ONPAI EKOJA IEZZM ZKNAA CCEII CKHYS HRSAD SNOAE LINAC SCIHI HIPCT VDUIO AIDNJ ZVOAZ YAMNV ZMEEO DIAMN ASHTT NVYAO RHEPC FWIIS LEAVV HIPCC SPUIO KIUZJ OESNS PIOST YAMLM SNTEA LBNIA RMIPI EONJP AMRPI XDNOA KTBAE PLOAY NRAEP GRIIO NAILN NKOOE KIACM REIOT NMIIE YTNRS RMTAE VNAOY EOKVK IYCVD ASZTE CNHYE ZANTD NMAEA IECJJ EZVLH IECNN MTKAO TOASD EUVJH TDSYZ AGLNI TUPRF ADJAA PTOOE EATLM MMRAO LCEHY MSOIJ NIILB SOAPP DJEEL IZSDN UUJTK CCHII AACFN OBKOE EUAMU PEOSL KTRAN ZADVK FNUEY NKICN DNAIZ KSOIL TEANM ANDAR UEWSR CFDII ZMIEO TDAAT UIZCV NOAST IANND EJNDE APSTE CRNEE YCDKI ILCSA USJTE QCQII
98;40213; EILVD AVECL CCIDH HTSUA OIJCM OADPT TREOA NJREE VLZNE ONIPA EKAOJ IEMZZ ZKANA CCIEI CKSHY HRDSA SNEOA LICNA SCIIH HITPC VDOUI AIJDN ZVZOA YAVMN ZMOEE DINAM ASTHT NVOYA RHCEP FWSII LEVAV HICPC SPOUI KIJUZ OESSN PITOS YAMML SNATE LBANI RMIIP EOPNJ AMIRP XDANO KTEBA PLYOA NRPAE GROII NANIL NKEOO KIMAC RETIO NMEII YTSNR RMETA VNYAO EOKKV IYDCV ASEZT CNEHY ZADNT NMAAE IEJCJ EZHVL IENCN MTOKA TODAS EUHVJ TDZSY AGILN TUFPR ADAJA PTEOO EAMTL MMORA LCYEH MSJOI NIBIL SOPAP DJLEE IZNSD UUKJT CCIHI AANCF OBEKO EUUAM PELOS KTNRA ZAKDV FNYUE NKNIC DNZAI KSLOI TEMAN ANRDA UERWS CFIDI ZMOIE TDTAA UIVZC NOTAS IADNN EJEND APEST CRENE YCIDK ILACS USEJT QCIQI
99;40231; EILDV AVELC CCIHD HTSAU OIJMC OADTP TREAO NJREE VLZEN ONIAP EKAJO IEMZZ ZKAAN CCIIE CKSYH HRDAS SNEAO LICAN SCIHI HITCP VDOIU AIJND ZVZAO YAVNM ZMOEE DINMA ASTTH NVOAY RHCPE FWSII LEVVA HICCP SPOIU KIJZU OESNS PITSO YAMLM SNAET LBAIN RMIPI EOPJN AMIPR XDAON KTEAB PLYAO NRPEA GROII NANLI NKEOO KIMCA RETOI NMEII YTSRN RMEAT VNYOA EOKVK IYDVC ASETZ CNEYH ZADTN NMAEA IEJJC EZHLV IENNC MTOAK TODSA EUHJV TDZYS AGINL TUFRP ADAAJ PTEOO EAMLT MMOAR LCYHE MSJIO NIBLI SOPPA DJLEE IZNDS UUKTJ CCIIH AANFC OBEOK EUUMA PELSO KTNAR ZAKVD FNYEU NKNCI DNZIA KSLIO TEMNA ANRAD UERSW CFIID ZMOEI TDTAA UIVCZ NOTSA IADNN EJEDN APETS CREEN YCIKD ILASC USETJ QCIIQ
100;40312; EIDVL AVLCE CCHDI HTAUS OIMCJ OATPD TRAOE NJEER VLENZ ONAPI EKJOA IEZZM ZKANA CCIEI CKYHS HRASD SNAOE LIANC SCHII HICPT VDIUO AINDJ ZVAOZ YANMV ZMEEO DIMAN ASTHT NVAYO RHPEC FWIIS LEVAV HICPC SPIUO KIZUJ OENSS PISOT YALMM SNETA LBINA RMPII EOJNP AMPRI XDONA KTABE PLAOY NREAP GRIIO NALIN NKOOE KICAM REOIT NMIIE YTRNS RMATE VNOAY EOVKK IYVCD ASTZE CNYHE ZATND NMEAA IEJCJ EZLVH IENCN MTAKO TOSAD EUJVH TDYSZ AGNLI TURPF ADAJA PTOOE EALTM MMARO LCHEY MSIOJ NILIB SOPAP DJEEL IZDSN UUTJK CCIHI AAFCN OBOKE EUMAU PESOL KTARN ZAVDK FNEUY NKCIN DNIAZ KSIOL TENAM ANADR UESWR CFIDI ZMEIO TDAAT UICZV NOSAT IANND EJDNE APTSE CRENE YCKDI ILSCA USTJE QCIQI
101;40321; EIDLV AVLEC CCHID HTASU OIMJC OATDP TRAEO NJERE VLEZN ONAIP EKJAO IEZMZ ZKAAN CCIIE CKYSH HRADS SNAEO LIACN SCHII HICTP VDIOU AINJD ZVAZO YANVM ZMEOE DIMNA ASTTH NVAOY RHPCE FWISI LEVVA HICCP SPIOU KIZJU OENSS PISTO YALMM SNEAT LBIAN RMPII EOJPN AMPIR XDOAN KTAEB PLAYO NREPA GRIOI NALNI NKOEO KICMA REOTI NMIEI YTRSN RMAET VNOYA EOVKK IYVDC ASTEZ CNYEH ZATDN NMEAA IEJJC EZLHV IENNC MTAOK TOSDA EUJHV TDYZS AGNIL TURFP ADAAJ PTOEO EALMT MMAOR LCHYE MSIJO NILBI SOPPA DJELE IZDNS UUTKJ CCIIH AAFNC OBOEK EUMUA PESLO KTANR ZAVKD FNEYU NKCNI DNIZA KSILO TENMA ANARD UESRW CFIID ZMEOI TDATA UICVZ NOSTA IANDN EJDEN APTES CREEN YCKID ILSAC USTEJ QCIIQ
102;41023; EVILD ACVEL CDCIH HUTSA OCIJM OPADT TOREA NEJRE VNLZE OPNIA EOKAJ IZEMZ ZNKAA CECII CHKSY HSRDA SONEA LNICA SICIH HPITC VUDOI ADIJN ZOVZA YMAVN ZEMOE DAINM AHSTT NYVOA REHCP FIWSI LAEVV HPICC SUPOI KUIJZ OSESN POITS YMAML STNAE LNBAI RIMIP ENOPJ ARMIP XNDAO KBTEA POLYA NARPE GIROI NIANL NOKEO KAIMC RIETO NIMEI YNTSR RTMEA VANYO EKOKV ICYDV AZSET CHNEY ZNADT NAMAE ICEJJ EVZHL ICENN MKTOA TAODS EVUHJ TSDZY ALGIN TPUFR AJDAA POTEO ETAML MRMOA LECYH MOSJI NIIBL SAOPP DEJLE ISZND UJUKT CHCII ACANF OKBEO EAUUM POELS KRTNA ZDAKV FUNYE NIKNC DANZI KOSLI TAEMN ADNRA UWERS CDFII ZIMOE TADTA UZIVC NAOTS INADN ENJED ASPET CNREE YDCIK ICLAS UJSET QQCII
103;41032; EVIDL ACVLE CDCHI HUTAS OCIMJ OPATD TORAE NEJER VNLEZ OPNAI EOKJA IZEZM ZNKAA CECII CHKYS HSRAD SONAE LNIAC SICHI HPICT VUDIO ADINJ ZOVAZ YMANV ZEMEO DAIMN AHSTT NYVAO REHPC FIWIS LAEVV HPICC SUPIO KUIZJ OSENS POIST YMALM STNEA LNBIA RIMPI ENOJP ARMPI XNDOA KBTAE POLAY NAREP GIRIO NIALN NOKOE KAICM RIEOT NIMIE YNTRS RTMAE VANOY EKOVK ICYVD AZSTE CHNYE ZNATD NAMEA ICEJJ EVZLH ICENN MKTAO TAOSD EVUJH TSDYZ ALGNI TPURF AJDAA POTOE ETALM MRMAO LECHY MOSIJ NIILB SAOPP DEJEL ISZDN UJUTK CHCII ACAFN OKBOE EAUMU POESL KRTAN ZDAVK FUNEY NIKCN DANIZ KOSIL TAENM ADNAR UWESR CDFII ZIMEO TADAT UZICV NAOST INAND ENJDE ASPTE CNREE YDCKI ICLSA UJSTE QQCII
104;41203; EVLID ACEVL CDICH HUSTA OCJIM OPDAT TOERA NERJE VNZLE OPINA EOAKJ IZMEZ ZNAKA CEICI CHSKY HSDRA SOENA LNCIA SIICH HPTIC VUODI ADJIN ZOZVA YMVAN ZEOME DANIM AHTST NYOVA RECHP FISWI LAVEV HPCIC SUOPI KUJIZ OSSEN POTIS YMMAL STANE LNABI RIIMP ENPOJ ARIMP XNADO KBETA POYLA NAPRE GIORI NINAL NOEKO KAMIC RITEO NIEMI YNSTR RTEMA VAYNO EKKOV ICDYV AZEST CHENY ZNDAT NAAME ICJEJ EVHZL ICNEN MKOTA TADOS EVHUJ TSZDY ALIGN TPFUR AJADA POETO ETMAL MROMA LEYCH MOJSI NIBIL SAPOP DELJE ISNZD UJKUT CHICI ACNAF OKEBO EAUUM POLES KRNTA ZDKAV FUYNE NINKC DAZNI KOLSI TAMEN ADRNA UWRES CDIFI ZIOME TATDA UZVIC NATOS INDAN ENEJD ASEPT CNERE YDICK ICALS UJEST QQICI
105;41230; EVLDI ACELV CDIHC HUSAT OCJMI OPDTA TOEAR NEREJ VNZEL OPIAN EOAJK IZMZE ZNAAK CEIIC CHSYK HSDAR SOEAN LNCAI SIIHC HPTCI VUOID ADJNI ZOZAV YMVNA ZEOEM DANMI AHTTS NYOAV RECPH FISIW LAVVE HPCCI SUOIP KUJZI OSSNE POTSI YMMLA STAEN LNAIB RIIPM ENPJO ARIPM XNAOD KBEAT POYAL NAPER GIOIR NINLA NOEOK KAMCI RITOE NIEIM YNSRT RTEAM VAYON EKKVO ICDVY AZETS CHEYN ZNDTA NAAEM ICJJE EVHLZ ICNNE MKOAT TADSO EVHJU TSZYD ALING TPFRU AJAAD POEOT ETMLA MROAM LEYHC MOJIS NIBLI SAPPO DELEJ ISNDZ UJKTU CHIIC ACNFA OKEOB EAUMU POLSE KRNAT ZDKVA FUYEN NINCK DAZIN KOLIS TAMNE ADRAN UWRSE CDIIF ZIOEM TATAD UZVCI NATSO INDNA ENEDJ ASETP CNEER YDIKC ICASL UJETS QQIIC
106;41302; EVDIL ACLVE CDHCI HUATS OCMIJ OPTAD TOARE NEEJR VNELZ OPANI EOJKA IZZEM ZNAKA CEICI CHYKS HSARD SOANE LNAIC SIHCI HPCIT VUIDO ADNIJ ZOAVZ YMNAV ZEEMO DAMIN AHTST NYAVO REPHC FIIWS LAVEV HPCIC SUIPO KUZIJ OSNES POSIT YMLAM STENA LNIBA RIPMI ENJOP ARPMI XNODA KBATE POALY NAERP GIIRO NILAN NOOKE KACIM RIOET NIIME YNRTS RTAME VAONY EKVOK ICVYD AZTSE CHYNE ZNTAD NAEMA ICJEJ EVLZH ICNEN MKATO TASOD EVJUH TSYDZ ALNGI TPRUF AJADA POOTE ETLAM MRAMO LEHCY MOISJ NILIB SAPOP DEEJL ISDZN UJTUK CHICI ACFAN OKOBE EAMUU POSEL KRATN ZDVAK FUENY NICKN DAINZ KOISL TANEM ADANR UWSER CDIFI ZIEMO TAADT UZCIV NASOT INNAD ENDJE ASTPE CNERE YDKCI ICSLA UJTSE QQICI
107;41320; EVDLI ACLEV CDHIC HUAST OCMJI OPTDA TOAER NEERJ VNEZL OPAIN EOJAK IZZME ZNAAK CEIIC CHYSK HSADR SOAEN LNACI SIHIC HPCTI VUIOD ADNJI ZOAZV YMNVA ZEEOM DAMNI AHTTS NYAOV REPCH FIISW LAVVE HPCCI SUIOP KUZJI OSNSE POSTI YMLMA STEAN LNIAB RIPIM ENJPO ARPIM XNOAD KBAET POAYL NAEPR GIIOR NILNA NOOEK KACMI RIOTE NIIEM YNRST RTAEM VAOYN EKVKO ICVDY AZTES CHYEN ZNTDA NAEAM ICJJE EVLHZ ICNNE MKAOT TASDO EVJHU TSYZD ALNIG TPRFU AJAAD POOET ETLMA MRAOM LEHYC MOIJS NILBI SAPPO DEELJ ISDNZ UJTKU CHIIC ACFNA OKOEB EAMUU POSLE KRANT ZDVKA FUEYN NICNK DAIZN KOILS TANME ADARN UWSRE CDIIF ZIEOM TAATD UZCVI NASTO INNDA ENDEJ ASTEP CNEER YDKIC ICSAL UJTES QQIIC
108;42013; ELIVD AEVCL CICDH HSTUA OJICM ODAPT TEROA NRJEE VZLNE OINPA EAKOJ IMEZZ ZAKNA CICEI CSKHY HDRSA SENOA LCINA SICIH HTIPC VODUI AJIDN ZZVOA YVAMN ZOMEE DNIAM ATSHT NOVYA RCHEP FSWII LVEAV HCIPC SOPUI KJIUZ OSESN PTIOS YMAML SANTE LABNI RIMIP EPONJ AIMRP XADNO KETBA PYLOA NPRAE GORII NNAIL NEKOO KMIAC RTEIO NEMII YSTNR REMTA VYNAO EKOKV IDYCV AESZT CENHY ZDANT NAMAE IJECJ EHZVL INECN MOTKA TDOAS EHUVJ TZDSY AIGLN TFUPR AADJA PETOO EMATL MOMRA LYCEH MJSOI NBIIL SPOAP DLJEE INZSD UKUJT CICHI ANACF OEBKO EUUAM PLEOS KNTRA ZKADV FYNUE NNKIC DZNAI KLSOI TMEAN ARNDA UREWS CIFDI ZOMIE TTDAA UVIZC NTOAS IDANN EEJND AEPST CERNE YICDK IALCS UESJT QICQI
109;42031; ELIDV AEVLC CICHD HSTAU OJIMC ODATP TERAO NRJEE VZLEN OINAP EAKJO IMEZZ ZAKAN CICIE CSKYH HDRAS SENAO LCIAN SICHI HTICP VODIU AJIND ZZVAO YVANM ZOMEE DNIMA ATSTH NOVAY RCHPE FSWII LVEVA HCICP SOPIU KJIZU OSENS PTISO YMALM SANET LABIN RIMPI EPOJN AIMPR XADON KETAB PYLAO NPREA GORII NNALI NEKOO KMICA RTEOI NEMII YSTRN REMAT VYNOA EKOVK IDYVC AESTZ CENYH ZDATN NAMEA IJEJC EHZLV INENC MOTAK TDOSA EHUJV TZDYS AIGNL TFURP AADAJ PETOO EMALT MOMAR LYCHE MJSIO NBILI SPOPA DLJEE INZDS UKUTJ CICIH ANAFC OEBOK EUUMA PLESO KNTAR ZKAVD FYNEU NNKCI DZNIA KLSIO TMENA ARNAD URESW CIFID ZOMEI TTDAA UVICZ NTOSA IDANN EEJDN AEPTS CEREN YICKD IALSC UESTJ QICIQ
110;42103; ELVID AECVL CIDCH HSUTA OJCIM ODPAT TEORA NREJE VZNLE OIPNA EAOKJ IMZEZ ZANKA CIECI CSHKY HDSRA SEONA LCNIA SIICH HTPIC VOUDI AJDIN ZZOVA YVMAN ZOEME DNAIM ATHST NOYVA RCEHP FSIWI LVAEV HCPIC SOUPI KJUIZ OSSEN PTOIS YMMAL SATNE LANBI RIIMP EPNOJ AIRMP XANDO KEBTA PYOLA NPARE GOIRI NNIAL NEOKO KMAIC RTIEO NEIMI YSNTR RETMA VYANO EKKOV IDCYV AEZST CEHNY ZDNAT NAAME IJCEJ EHVZL INCEN MOKTA TDAOS EHVUJ TZSDY AILGN TFPUR AAJDA PEOTO EMTAL MORMA LYECH MJOSI NBIIL SPAOP DLEJE INSZD UKJUT CIHCI ANCAF OEKBO EUAUM PLOES KNRTA ZKDAV FYUNE NNIKC DZANI KLOSI TMAEN ARDNA URWES CIDFI ZOIME TTADA UVZIC NTAOS IDNAN EENJD AESPT CENRE YIDCK IACLS UEJST QIQCI
111;42130; ELVDI AECLV CIDHC HSUAT OJCMI ODPTA TEOAR NREEJ VZNEL OIPAN EAOJK IMZZE ZANAK CIEIC CSHYK HDSAR SEOAN LCNAI SIIHC HTPCI VOUID AJDNI ZZOAV YVMNA ZOEEM DNAMI ATHTS NOYAV RCEPH FSIIW LVAVE HCPCI SOUIP KJUZI OSSNE PTOSI YMMLA SATEN LANIB RIIPM EPNJO AIRPM XANOD KEBAT PYOAL NPAER GOIIR NNILA NEOOK KMACI RTIOE NEIIM YSNRT RETAM VYAON EKKVO IDCVY AEZTS CEHYN ZDNTA NAAEM IJCJE EHVLZ INCNE MOKAT TDASO EHVJU TZSYD AILNG TFPRU AAJAD PEOOT EMTLA MORAM LYEHC MJOIS NBILI SPAPO DLEEJ INSDZ UKJTU CIHIC ANCFA OEKOB EUAMU PLOSE KNRAT ZKDVA FYUEN NNICK DZAIN KLOIS TMANE ARDAN URWSE CIDIF ZOIEM TTAAD UVZCI NTASO IDNNA EENDJ AESTP CENER YIDKC IACSL UEJTS QIQIC
112;42301; ELDIV AELVC CIHCD HSATU OJMIC ODTAP TEARO NREJE VZELN OIANP EAJKO IMZEZ ZAAKN CIICE CSYKH HDARS SEANO LCAIN SIHCI HTCIP VOIDU AJNID ZZAVO YVNAM ZOEME DNMIA ATTSH NOAVY RCPHE FSIWI LVVEA HCCIP SOIPU KJZIU OSNES PTSIO YMLAM SAENT LAIBN RIPMI EPJON AIPMR XAODN KEATB PYALO NPERA GOIRI NNLAI NEOKO KMCIA RTOEI NEIMI YSRTN REAMT VYONA EKVOK IDVYC AETSZ CEYNH ZDTAN NAEMA IJJEC EHLZV INNEC MOATK TDSOA EHJUV TZYDS AINGL TFRUP AAADJ PEOTO EMLAT MOAMR LYHCE MJISO NBLII SPPOA DLEJE INDZS UKTUJ CIICH ANFAC OEOBK EUMUA PLSEO KNATR ZKVAD FYENU NNCKI DZINA KLISO TMNEA ARAND URSEW CIIFD ZOEMI TTADA UVCIZ NTSOA IDNAN EEDJN AETPS CEERN YIKCD IASLC UETSJ QIICQ
113;42310; ELDVI AELCV CIHDC HSAUT OJMCI ODTPA TEAOR NREEJ VZENL OIAPN EAJOK IMZZE ZAANK CIIEC CSYHK HDASR SEAON LCANI SIHIC HTCPI VOIUD AJNDI ZZAOV YVNMA ZOEEM DNMAI ATTHS NOAYV RCPEH FSIIW LVVAE HCCPI SOIUP KJZUI OSNSE PTSOI YMLMA SAETN LAINB RIPIM EPJNO AIPRM XAOND KEABT PYAOL NPEAR GOIIR NNLIA NEOOK KMCAI RTOIE NEIIM YSRNT REATM VYOAN EKVKO IDVCY AETZS CEYHN ZDTNA NAEAM IJJCE EHLVZ INNCE MOAKT TDSAO EHJVU TZYSD AINLG TFRPU AAAJD PEOOT EMLTA MOARM LYHEC MJIOS NBLII SPPAO DLEEJ INDSZ UKTJU CIIHC ANFCA OEOKB EUMAU PLSOE KNART ZKVDA FYEUN NNCIK DZIAN KLIOS TMNAE ARADN URSWE CIIDF ZOEIM TTAAD UVCZI NTSAO IDNNA EEDNJ AETSP CEENR YIKDC IASCL UETJS QIIQC
114;43012; EDIVL ALVCE CHCDI HATUS OMICJ OTAPD TAROE NEJER VELNZ OANPI EJKOA IZEZM ZAKNA CICEI CYKHS HARSD SANOE LAINC SHCII HCIPT VIDUO ANIDJ ZAVOZ YNAMV ZEMEO DMIAN ATSHT NAVYO RPHEC FIWIS LVEAV HCIPC SIPUO KZIUJ ONESS PSIOT YLAMM SENTA LIBNA RPMII EJONP APMRI XODNA KATBE PALOY NERAP GIRIO NLAIN NOKOE KCIAM ROEIT NIMIE YRTNS RAMTE VONAY EVOKK IVYCD ATSZE CYNHE ZTAND NEMAA IJECJ ELZVH INECN MATKO TSOAD EJUVH TYDSZ ANGLI TRUPF AADJA POTOE ELATM MAMRO LHCEY MISOJ NLIIB SPOAP DEJEL IDZSN UTUJK CICHI AFACN OOBKE EMUAU PSEOL KATRN ZVADK FENUY NCKIN DINAZ KISOL TNEAM AANDR USEWR CIFDI ZEMIO TADAT UCIZV NSOAT INAND EDJNE ATPSE CERNE YKCDI ISLCA UTSJE QICQI
115;43021; EDILV ALVEC CHCID HATSU OMIJC OTADP TAREO NEJRE VELZN OANIP EJKAO IZEMZ ZAKAN CICIE CYKSH HARDS SANEO LAICN SHCII HCITP VIDOU ANIJD ZAVZO YNAVM ZEMOE DMINA ATSTH NAVOY RPHCE FIWSI LVEVA HCICP SIPOU KZIJU ONESS PSITO YLAMM SENAT LIBAN RPMII EJOPN APMIR XODAN KATEB PALYO NERPA GIROI NLANI NOKEO KCIMA ROETI NIMEI YRTSN RAMET VONYA EVOKK IVYDC ATSEZ CYNEH ZTADN NEMAA IJEJC ELZHV INENC MATOK TSODA EJUHV TYDZS ANGIL TRUFP AADAJ POTEO ELAMT MAMOR LHCYE MISJO NLIBI SPOPA DEJLE IDZNS UTUKJ CICIH AFANC OOBEK EMUUA PSELO KATNR ZVAKD FENYU NCKNI DINZA KISLO TNEMA AANRD USERW CIFID ZEMOI TADTA UCIVZ NSOTA INADN EDJEN ATPES CEREN YKCID ISLAC UTSEJ QICIQ
116;43102; EDVIL ALCVE CHDCI HAUTS OMCIJ OTPAD TAORE NEEJR VENLZ OAPNI EJOKA IZZEM ZANKA CIECI CYHKS HASRD SAONE LANIC SHICI HCPIT VIUDO ANDIJ ZAOVZ YNMAV ZEEMO DMAIN ATHST NAYVO RPEHC FIIWS LVAEV HCPIC SIUPO KZUIJ ONSES PSOIT YLMAM SETNA LINBA RPIMI EJNOP APRMI XONDA KABTE PAOLY NEARP GIIRO NLIAN NOOKE KCAIM ROIET NIIME YRNTS RATME VOANY EVKOK IVCYD ATZSE CYHNE ZTNAD NEAMA IJCEJ ELVZH INCEN MAKTO TSAOD EJVUH TYSDZ ANLGI TRPUF AAJDA POOTE ELTAM MARMO LHECY MIOSJ NLIIB SPAOP DEEJL IDSZN UTJUK CIHCI AFCAN OOKBE EMAUU PSOEL KARTN ZVDAK FEUNY NCIKN DIANZ KIOSL TNAEM AADNR USWER CIDFI ZEIMO TAADT UCZIV NSAOT INNAD EDNJE ATSPE CENRE YKDCI ISCLA UTJSE QIQCI
117;43120; EDVLI ALCEV CHDIC HAUST OMCJI OTPDA TAOER NEERJ VENZL OAPIN EJOAK IZZME ZANAK CIEIC CYHSK HASDR SAOEN LANCI SHIIC HCPTI VIUOD ANDJI ZAOZV YNMVA ZEEOM DMANI ATHTS NAYOV RPECH FIISW LVAVE HCPCI SIUOP KZUJI ONSSE PSOTI YLMMA SETAN LINAB RPIIM EJNPO APRIM XONAD KABET PAOYL NEAPR GIIOR NLINA NOOEK KCAMI ROITE NIIEM YRNST RATEM VOAYN EVKKO IVCDY ATZES CYHEN ZTNDA NEAAM IJCJE ELVHZ INCNE MAKOT TSADO EJVHU TYSZD ANLIG TRPFU AAJAD POOET ELTMA MAROM LHEYC MIOJS NLIBI SPAPO DEELJ IDSNZ UTJKU CIHIC AFCNA OOKEB EMAUU PSOLE KARNT ZVDKA FEUYN NCINK DIAZN KIOLS TNAME AADRN USWRE CIDIF ZEIOM TAATD UCZVI NSATO INNDA EDNEJ ATSEP CENER YKDIC ISCAL UTJES QIQIC
118;43201; EDLIV ALEVC CHICD HASTU OMJIC OTDAP TAERO NERJE VEZLN OAINP EJAKO IZMEZ ZAAKN CIICE CYSKH HADRS SAENO LACIN SHICI HCTIP VIODU ANJID ZAZVO YNVAM ZEOME DMNIA ATTSH NAOVY RPCHE FISWI LVVEA HCCIP SIOPU KZJIU ONSES PSTIO YLMAM SEANT LIABN RPIMI EJPON APIMR XOADN KAETB PAYLO NEPRA GIORI NLNAI NOEKO KCMIA ROTEI NIEMI YRSTN RAEMT VOYNA EVKOK IVDYC ATESZ CYENH ZTDAN NEAMA IJJEC ELHZV INNEC MAOTK TSDOA EJHUV TYZDS ANIGL TRFUP AAADJ POETO ELMAT MAOMR LHYCE MIJSO NLBII SPPOA DELJE IDNZS UTKUJ CIICH AFNAC OOEBK EMUUA PSLEO KANTR ZVKAD FEYNU NCNKI DIZNA KILSO TNMEA AARND USREW CIIFD ZEOMI TATDA UCVIZ NSTOA INDAN EDEJN ATEPS CEERN YKICD ISALC UTESJ QIICQ
119;43210; EDLVI ALECV CHIDC HASUT OMJCI OTDPA TAEOR NEREJ VEZNL OAIPN EJAOK IZMZE ZAANK CIIEC CYSHK HADSR SAEON LACNI SHIIC HCTPI VIOUD ANJDI ZAZOV YNVMA ZEOEM DMNAI ATTHS NAOYV RPCEH FISIW LVVAE HCCPI SIOUP KZJUI ONSSE PSTOI YLMMA SEATN LIANB RPIIM EJPNO APIRM XOAND KAEBT PAYOL NEPAR GIOIR NLNIA NOEOK KCMAI ROTIE NIEIM YRSNT RAETM VOYAN EVKKO IVDCY ATEZS CYEHN ZTDNA NEAAM IJJCE ELHVZ INNCE MAOKT TSDAO EJHVU TYZSD ANILG TRFPU AAAJD POEOT ELMTA MAORM LHYEC MIJOS NLBII SPPAO DELEJ IDNSZ UTKJU CIIHC AFNCA OOEKB EMUAU PSLOE KANRT ZVKDA FEYUN NCNIK DIZAN KILOS TNMAE AARDN USRWE CIIDF ZEOIM TATAD UCVZI NSTAO INDNA EDENJ ATESP CEENR YKIDC ISACL UTEJS QIIQC
